_id,userId,learningMaterialCompletion,quizScore
9210d028-7236-4937-a3ab-b91da4c3f1f6,030e965c-b9c6-454c-b82e-24db6e92b80c,"[{'learningMaterialId': '93c24fef-f2d0-43de-9aa7-1a9810d34cd0', 'completed': True}]",31
538254a2-d550-4bab-ad43-0fc1674b8830,bf2fe4e3-ed36-4ce3-9443-d8b83aca9205,"[{'learningMaterialId': '925a65a0-0cd9-4770-b4cb-c85e1353720d', 'completed': False}]",99
129a09ec-ea70-4dac-a989-803d1e0052c3,944a849a-6f65-4263-810c-8a53c83b3031,"[{'learningMaterialId': '33376891-31c0-49d5-befd-ba4eee6b952c', 'completed': True}]",60
0f500e83-c7aa-49ab-ac74-e145918b24a5,b9382992-d746-43e5-b28e-1076574d5a26,"[{'learningMaterialId': '73e9c237-3bd9-40ef-9fc0-42949d487f12', 'completed': True}]",27
1ea46e7d-3ab7-467c-b959-1c3133de68c2,1dfdbae7-7baf-4afc-b6f7-a8d678e66fc5,"[{'learningMaterialId': '5c7e022a-297f-4bea-bc98-944e4da9d6c4', 'completed': False}]",70
3d2c6662-36d5-481e-9224-132e96ab8662,47a7e55f-b8f1-4b80-8efc-28befd8b7d2b,"[{'learningMaterialId': '1b7cc82d-492b-4fc0-ad78-0194d13c7e10', 'completed': True}]",31
61729833-8f90-4dde-9e65-44b86cae31f7,d7d47f2e-2e08-4a7e-9efa-b7ac44cbdcb2,"[{'learningMaterialId': '4e2be410-31a1-4212-b51b-b0abab817022', 'completed': True}]",24
a34c8a4d-8bdf-4a21-be3e-6e56270afddc,6b35324d-fcb0-4897-b6cf-a08c8e7432dd,"[{'learningMaterialId': '1980fcb7-68d7-47ad-8b2a-11a997f90b00', 'completed': False}]",10
b2711e28-124e-427b-85aa-08e9fc19f2d1,057499dd-1839-49fd-bc74-22fe672d761f,"[{'learningMaterialId': '5a504de2-cfdc-44da-b6ae-476053fdc86f', 'completed': False}]",3
08c29ac3-6985-4caf-ba8b-1bbb80306d01,9e2a4c7c-337e-47c4-9637-847fc0b860f7,"[{'learningMaterialId': 'af3a5d59-b152-4d21-8c0b-339b455a3f33', 'completed': False}]",3
d638ed71-386f-4d0f-82db-06369aa90a53,06e88108-abea-4308-805f-2e2ce9a468ee,"[{'learningMaterialId': 'f5128c51-d8e8-4617-b7fd-72c0cc15878d', 'completed': True}]",2
2b16df84-07fe-4209-bc4a-436c521255d0,29facdb8-3890-474f-984f-810880c96725,"[{'learningMaterialId': '58b77a5c-da87-498c-acf6-390423e1f86b', 'completed': False}]",51
8a9020e8-971f-491a-aef2-a8ed9dcdd5f1,30b2752c-92b4-44c5-a7b6-0837a05d1b5a,"[{'learningMaterialId': 'c07dbf68-19d9-4f2a-9a99-d364f2258f86', 'completed': False}]",19
9d13637b-e6e2-4565-88c5-b02d9ee5aae9,6a216920-070b-4ac4-8ee8-1424e421f5b9,"[{'learningMaterialId': 'ebf392d0-b3c2-45dc-89e3-4907860e61e5', 'completed': True}]",59
cd38cefe-9902-4f0d-996f-8321b8211f85,f87d3dcc-f95c-4d1b-a66d-1831d54f04cb,"[{'learningMaterialId': '4e2be410-31a1-4212-b51b-b0abab817022', 'completed': True}]",89
eb2c009a-e5b8-422f-bd6e-c1acf8f13bd4,e0abaedd-c5d5-4f77-8f52-b225d24e4bb1,"[{'learningMaterialId': '589a96f8-2937-4849-b85a-cc6adf8fc940', 'completed': True}]",59
3af3baf9-3db3-4ea1-b81d-e85fab806f99,3f8e3b48-4a61-4563-96ef-790d1be2b592,"[{'learningMaterialId': '717fc5b5-35fd-4de4-be67-3cd1f748218a', 'completed': True}]",18
6b47a10f-a614-4321-a04f-bf033c891590,a80e06e8-ada7-4bb2-97c4-ece5ae1195ef,"[{'learningMaterialId': '9d0fc57a-84d5-4703-a549-56200a38231a', 'completed': True}]",25
ac43c57e-b32f-4317-b38d-f7e3c0a6fc2b,9cbd3325-625b-4a3e-b237-bb564d7b71ee,"[{'learningMaterialId': '35664305-e8b0-4793-96cf-1d750442d24b', 'completed': True}]",49
85853e1f-23b1-4996-b73f-70798466ac0d,7ff7c238-a6b9-4e73-a477-cfffbbdae55b,"[{'learningMaterialId': '519e1dcd-85b8-4c1d-b81e-68039a3c24c0', 'completed': False}]",82
8e5f1278-701f-4020-be91-5f01f00f4db3,b3926852-a44f-4830-992c-c78b45c34061,"[{'learningMaterialId': 'd95de6a6-f395-42a7-bd4b-985978f862c7', 'completed': False}]",12
888dee53-a82b-4e1e-b42d-ef4a2f30efff,2954d95a-66a9-418f-b5b5-4fc04360b9b8,"[{'learningMaterialId': '1cc52194-2493-4c08-ba8b-6d884b579476', 'completed': False}]",20
eaf6cc72-008c-4294-bba2-c862783d8080,d3dd03e8-4947-4812-b27f-3e3bb3b45b9c,"[{'learningMaterialId': 'cbb42a99-ad51-43a2-9c1a-09400fb402a1', 'completed': False}]",35
f9309a3b-5b71-4adc-b3e8-d9434d91cd87,bf2fe4e3-ed36-4ce3-9443-d8b83aca9205,"[{'learningMaterialId': 'f5e7b518-568e-49f4-afde-df2d4f55b18a', 'completed': True}]",98
b7a7aedb-590a-4245-9901-c20f7b2fa40b,9706a3d9-e496-470e-a70d-f513aa34b039,"[{'learningMaterialId': 'a8916973-eaf1-42ab-bed1-25db5834138f', 'completed': False}]",77
efac45fb-e656-406d-ae1f-fdd79daf0cae,fad61dd9-c08d-4e29-ab3e-e6d52d8e915d,"[{'learningMaterialId': 'ef08e24d-05f9-4ae0-910b-0aad774f20e1', 'completed': False}]",41
db860f16-8c49-4b40-b6cc-a2fc2f8f8b2d,918ae0ef-a211-46b5-a43f-6a318aa76b60,"[{'learningMaterialId': 'b1d6b1bc-c410-492e-99cb-29bda397f6e3', 'completed': False}]",4
6cac8255-2875-41db-8453-ba6b10a0a5b8,c809ab69-15fd-4dfe-82d0-bf103518a11a,"[{'learningMaterialId': 'b28ee56f-36f4-4227-9be2-e39af37fd7c3', 'completed': False}]",64
eb97c578-2efb-4a48-ac5f-d04654e6bc7a,f0c472cc-37a3-463a-8a40-870dbbf8d175,"[{'learningMaterialId': 'd4deeada-315b-41ca-b473-41c647744a97', 'completed': True}]",2
940d88c9-9c9c-485d-929b-b15371260d64,18bc1af0-d67a-4051-8986-50ac6273d07a,"[{'learningMaterialId': '1ac8395c-b906-46a4-8338-38c2fcada8c1', 'completed': True}]",26
40759cbe-e64d-47a3-af49-db00c72f7594,eebc4c92-16ba-446a-b4f9-a29b0931f7ec,"[{'learningMaterialId': '084ad76c-6d22-4135-8957-368673be9a2b', 'completed': True}]",38
7b47fb8f-695f-49aa-8074-2a5d3a5752e3,a1b5e98d-99f0-4783-8429-1a1d5c6d78ac,"[{'learningMaterialId': '9021653f-2b32-4632-890b-b391c426b931', 'completed': False}]",30
7b3fcd1a-ba12-4f5c-91f1-2e196f216a3d,7cfad1ca-5b34-43e3-95b8-6cb5eb8f14b7,"[{'learningMaterialId': 'adbb199a-56e3-4d4f-a33d-58d8f018cc68', 'completed': True}]",19
cccdb1b6-59d5-461d-ae64-44efd0fd733d,a80ff85b-6c15-41f7-a1d9-b283b7536db3,"[{'learningMaterialId': '8e3a9adf-a296-41b2-90d3-04e2b492f699', 'completed': False}]",68
3d4eef49-ca80-4296-ba8d-c5bb20c828f1,1b80fb2e-0eaf-4764-bf4a-eba349b27789,"[{'learningMaterialId': 'e5483b1d-7b82-418d-95e7-a77c173a7a87', 'completed': True}]",100
ac4c15b3-673f-4e15-b8c5-ae74570f274c,28d770cc-5423-433a-b9ec-737c4cba7202,"[{'learningMaterialId': 'a87f4767-1bf8-4436-919d-7e9f3ad10814', 'completed': True}]",74
5dc5f5a1-5701-44ee-a72e-9bb60acb940c,7b7d62ed-934f-4eff-a682-3ae082152a80,"[{'learningMaterialId': '0fa786d2-b4a3-4d22-874d-a24c96f4ef2a', 'completed': False}]",66
5f704b01-61f1-4eda-ae5e-992410043322,389a8c10-5ed3-4dcb-b471-1a56dda67a6b,"[{'learningMaterialId': '3a6a71b3-ad77-46fe-ac1d-286ccae42b9f', 'completed': False}]",48
7d204724-98d3-42b2-be9d-1d7ee976aefe,30b2752c-92b4-44c5-a7b6-0837a05d1b5a,"[{'learningMaterialId': '61437777-233f-4822-b32f-907c80021e33', 'completed': True}]",77
e61cb6f8-fc2c-4e4e-bf62-b22684f5208d,37538a25-dfa3-40b2-b302-2af16e06fd12,"[{'learningMaterialId': '925a65a0-0cd9-4770-b4cb-c85e1353720d', 'completed': False}]",38
961db332-b00f-44d8-9e27-f92ef91ec010,918ae0ef-a211-46b5-a43f-6a318aa76b60,"[{'learningMaterialId': '9aca9688-d5c2-4810-96ca-e075270f143a', 'completed': True}]",73
88c6e63e-573e-4bb2-b864-b105937fc848,d6c02fda-3e0a-4eb0-9ba3-330473c964e0,"[{'learningMaterialId': 'c74033b6-5f36-41f6-a581-fa1480824fbb', 'completed': True}]",62
c23f4a15-8551-4c89-a2e4-a1d8c71fc5d9,37538a25-dfa3-40b2-b302-2af16e06fd12,"[{'learningMaterialId': 'd23ba437-c8c7-47c7-ab0c-5dae12cdfac2', 'completed': True}]",23
3a1903ec-ddf9-463e-9a94-91293122a56b,df8df501-98fb-46f7-9c0c-5b0d33ce6fec,"[{'learningMaterialId': 'bdd7e0ee-938b-4a64-b945-2ca59fe3bf34', 'completed': True}]",77
3d8d7fc7-7b15-4561-a1c6-146bb55ba7b2,30b2752c-92b4-44c5-a7b6-0837a05d1b5a,"[{'learningMaterialId': '776a47af-230c-4eb5-a76c-e12ff7953908', 'completed': False}]",3
6d117723-44b6-4a89-8b13-e6cd6bbfb798,f2827af4-d1d8-42e7-b094-5ae2f399c002,"[{'learningMaterialId': '614fba6f-cc68-4724-8288-4907209eb2fd', 'completed': True}]",25
b24c4501-f809-4a6c-9db3-88f45b59999b,4296d8be-8ba6-4345-a0bb-93a07374a4da,"[{'learningMaterialId': '25ba8cff-70c6-4a62-8f2c-b03cafbb36d0', 'completed': True}]",94
856db3da-7bf7-4a76-9c45-e2ea52bbdc39,b98032a7-8d4d-43af-b690-b8ad5845b9a2,"[{'learningMaterialId': '4e2be410-31a1-4212-b51b-b0abab817022', 'completed': True}]",91
f04e8136-8a48-4db9-88b5-f90f6636be59,4f9d8949-5f98-4470-b0ba-24c1741cead0,"[{'learningMaterialId': 'ab667638-c8dd-48a6-b071-100f97a76316', 'completed': True}]",64
e447fcea-86c2-43bd-a372-e093e4bba083,0c8035e5-babc-4581-8429-1096b423e773,"[{'learningMaterialId': 'fbbb9fce-b18e-49a6-86de-2b94de75b891', 'completed': False}]",5
6a412131-d072-4cd8-a5fc-96f46624c0c3,3f8da0bc-4005-421d-9c68-231320bd91d2,"[{'learningMaterialId': '0c5a8510-fefd-4d74-b1c8-a229f9cac237', 'completed': True}]",8
4346b92a-41ce-4c62-bc2d-b0b22cdf29d9,2b79e2ac-3c87-444f-b3b0-65e574243b72,"[{'learningMaterialId': '5596daca-8af1-4cc0-a541-77995500201d', 'completed': True}]",95
046df232-8efd-481a-a45d-dff99629cef2,55735544-aa66-46a0-b25b-5ad241bc37e2,"[{'learningMaterialId': '614fba6f-cc68-4724-8288-4907209eb2fd', 'completed': True}]",6
b13dcce1-5dc5-4a4f-b043-910d847794a3,db0ac06e-67e5-401f-b6fa-668fa9d4af5d,"[{'learningMaterialId': 'af3a5d59-b152-4d21-8c0b-339b455a3f33', 'completed': False}]",34
1d3db7ec-7365-44ba-abe2-231fb1b0af2c,ad6b28f3-0287-4142-9d75-2ae695444ec3,"[{'learningMaterialId': 'ab667638-c8dd-48a6-b071-100f97a76316', 'completed': True}]",70
fc82fec6-e1b3-4466-8b08-24117a01d984,a66a21b1-6d43-4547-84a0-c9cabef933ef,"[{'learningMaterialId': '533e04c0-e28b-4862-902d-989fca1ae54c', 'completed': True}]",7
31841f84-142a-4dc7-9af0-9ddd3be4d83b,29facdb8-3890-474f-984f-810880c96725,"[{'learningMaterialId': '099c2f2e-132d-4209-a3e8-93a622bbcb8a', 'completed': True}]",45
abecd74a-ae9e-4233-9c2c-033dc1abec2e,eb5bc620-681c-41fa-84a4-010a95d10f10,"[{'learningMaterialId': '03fb1271-5f96-4234-8090-0d33f3240445', 'completed': True}]",85
1deafd22-3020-49c9-9b43-925597ff80b3,2b79e2ac-3c87-444f-b3b0-65e574243b72,"[{'learningMaterialId': 'c74033b6-5f36-41f6-a581-fa1480824fbb', 'completed': False}]",60
7510f0d5-d2be-4f77-80e3-2e77c3937f1f,db14f6b3-c0b7-4716-bfe4-f5577ef39aed,"[{'learningMaterialId': '33376891-31c0-49d5-befd-ba4eee6b952c', 'completed': False}]",98
c018a72f-f674-4e76-b427-d3181b191de3,b4b401f6-8efc-4f0e-bd28-18976aa05b11,"[{'learningMaterialId': '29b3789e-0676-42e5-9014-a8d5b7db2b1c', 'completed': True}]",41
665846b5-c358-4dcb-bad8-08755abaa39a,1f772fdd-418f-463c-966c-f3f26fae2aad,"[{'learningMaterialId': '0fa786d2-b4a3-4d22-874d-a24c96f4ef2a', 'completed': True}]",52
0749b8b0-d96e-42c0-a3e8-a6df4582ac22,389a8c10-5ed3-4dcb-b471-1a56dda67a6b,"[{'learningMaterialId': 'e5da7866-474d-4094-9bd1-5bc137a825dc', 'completed': True}]",81
da3616e6-7099-46f0-a713-cc65e69dc3dc,577c18ea-7df9-4a6c-808b-e7d936468e71,"[{'learningMaterialId': 'd95de6a6-f395-42a7-bd4b-985978f862c7', 'completed': False}]",12
fff0836f-9793-4d5d-a61e-ecc4ba422d30,dd8ab2f4-ea7d-468c-b3bb-e693c85e8628,"[{'learningMaterialId': 'd95de6a6-f395-42a7-bd4b-985978f862c7', 'completed': False}]",41
41958fae-9702-4bc1-bafe-55073356c157,f05105a1-0334-4eb9-b2a3-41967a80a6df,"[{'learningMaterialId': '43c642e9-0424-4f0d-8ef0-20ff1e678606', 'completed': False}]",83
3dc9413e-033e-442f-a0ec-283044e3c787,577c18ea-7df9-4a6c-808b-e7d936468e71,"[{'learningMaterialId': '2ee5412e-2e63-424f-a02c-fa238f2c263e', 'completed': True}]",82
bad34f44-e345-4b1f-b072-f2dbbeb2084f,080219e1-4957-4cc8-b45f-885ef9776ef0,"[{'learningMaterialId': '3d28899a-11e0-4b4e-9d0c-3432e2646bf8', 'completed': False}]",10
27145624-b21b-4be3-89fb-0f2a04b48e38,def544bf-7364-41d0-a2a7-3b4a71b2e48b,"[{'learningMaterialId': 'df1361d9-5ce4-4785-9ab2-aad7dc351918', 'completed': False}]",57
80c78188-4a5b-459b-9f35-840050171676,1f772fdd-418f-463c-966c-f3f26fae2aad,"[{'learningMaterialId': '93bfd779-e81b-4b46-bf03-8505fdde3e28', 'completed': True}]",39
4a7370c6-278f-43bc-8c11-adce4e1da346,dc6147bd-641d-4230-8465-d85f89c098bf,"[{'learningMaterialId': 'ab2fe7de-aec0-4592-ac49-70def240450e', 'completed': True}]",74
de4099c2-1465-4037-82a6-9d00059a2357,c2769146-f49e-423c-9a04-3fc2e9feb785,"[{'learningMaterialId': '3174b2dc-c465-47e8-8504-af5cbf5faef9', 'completed': True}]",67
a4f8570a-1819-4263-b1f0-b1260a2535da,080219e1-4957-4cc8-b45f-885ef9776ef0,"[{'learningMaterialId': 'a3e7ead2-dcad-4f88-bfba-6a67b0502994', 'completed': True}]",9
d3ae8d9d-9b37-4a78-b075-d62572be0609,37130337-204d-4249-88e1-b93ecc302714,"[{'learningMaterialId': '0c426201-4c43-49bd-a1a1-5a2d1b4113ed', 'completed': False}]",3
491cb8c8-5c5d-4319-a216-e7bcf5a3c563,a8f13383-2ef0-411e-94d1-c688ff634f3f,"[{'learningMaterialId': 'ad2ae16b-7988-45b4-9f8e-1d17e16cac6a', 'completed': True}]",91
280226f3-c5ab-4317-822b-954827f6c872,fad8453c-afb1-4153-a7e4-b37b362b6e26,"[{'learningMaterialId': '3052cb5f-bf66-457b-9a24-0a57bc55de29', 'completed': False}]",88
5dd1c3c0-9b41-4e03-ad10-8968a2ae427f,b83e4bf2-b124-48c9-b2f9-017e60841be1,"[{'learningMaterialId': '6f962c36-249f-4ba3-b834-a9f0f8c60206', 'completed': True}]",78
5854643a-880f-4aad-ad68-40fd650ea86c,15d648b5-a952-43a9-b1ef-bf15684ebb1a,"[{'learningMaterialId': '9c984823-47ce-478e-8945-252be606179c', 'completed': True}]",1
28987a06-356e-4f4f-8e0a-23fe6c6ea1bb,e62a65db-65cb-4c1c-aa99-52eae59559bf,"[{'learningMaterialId': 'f409149d-ef4b-4642-b379-ac0653769ebd', 'completed': True}]",25
686a9350-35eb-4a86-8d49-feee68ae1634,def544bf-7364-41d0-a2a7-3b4a71b2e48b,"[{'learningMaterialId': '2a31c0a3-18db-4cae-9465-a517e00c4528', 'completed': True}]",4
4856c1bb-dc53-4926-9a4c-74dc8c33df4f,0a3e02f3-38c8-44ac-80ac-c65795162980,"[{'learningMaterialId': '20e95a22-805c-4276-bb81-875c3c53f98c', 'completed': True}]",4
9f14aa44-eecd-4258-930b-9df32b006f63,9e1c03c8-1123-465c-bd84-174dd3177303,"[{'learningMaterialId': '519e1dcd-85b8-4c1d-b81e-68039a3c24c0', 'completed': False}]",39
ce5ef528-f652-4cb6-be31-0604ac7c4794,c809ab69-15fd-4dfe-82d0-bf103518a11a,"[{'learningMaterialId': '4e2be410-31a1-4212-b51b-b0abab817022', 'completed': True}]",39
c6d25299-b0d0-4df2-b5e4-d68daedb2853,40268a8c-68ae-4a32-98a2-2078564320dd,"[{'learningMaterialId': '25ba8cff-70c6-4a62-8f2c-b03cafbb36d0', 'completed': False}]",47
b27dca3b-6d69-4c14-8d67-dbffc07f58a0,b1035c7e-4f90-42e6-b4bb-d4c74727f1da,"[{'learningMaterialId': 'e38a6911-438d-4c98-b9e4-13c115762441', 'completed': False}]",15
a839d86a-f57d-4972-a166-7b8d3c4eddaf,fad61dd9-c08d-4e29-ab3e-e6d52d8e915d,"[{'learningMaterialId': '4c074304-2a0b-4c93-8694-ded54e6f1407', 'completed': False}]",70
507e1e33-6a7a-437f-a891-41203521a215,7d47353f-7d5c-48b2-80f5-b6924b1a0cd5,"[{'learningMaterialId': 'caf04c87-97f3-4c18-bb7b-3aaade5757d5', 'completed': False}]",86
055aa4a5-3d14-4e19-af67-2db40f747a1e,944a849a-6f65-4263-810c-8a53c83b3031,"[{'learningMaterialId': 'cf716420-a184-42a4-8d02-7461ace4f9c6', 'completed': False}]",43
482fa55e-bceb-4e76-b1c5-94c3a12c904a,d7d47f2e-2e08-4a7e-9efa-b7ac44cbdcb2,"[{'learningMaterialId': '6a2e9185-75ce-4998-af58-6eed8c1ee363', 'completed': True}]",21
7d00fed3-e9b0-4fc6-8ae5-92dd52f0aad0,076d0c1f-4baf-407d-ad65-d894fe456513,"[{'learningMaterialId': 'd4deeada-315b-41ca-b473-41c647744a97', 'completed': True}]",82
fb3cbf8d-6d31-4c52-bd32-86712634c9c4,4d16fb99-6b58-4226-bd5a-763ea5fcb84f,"[{'learningMaterialId': 'b2b17313-2294-4709-91c9-0605924606c1', 'completed': True}]",55
655178ce-af5f-4c6b-b714-74eb4bc796dd,f5b237ba-9855-4c38-95e6-b0f60f835fde,"[{'learningMaterialId': '9aca9688-d5c2-4810-96ca-e075270f143a', 'completed': False}]",85
dc7b46c9-2aba-400c-bbc0-297aa2eabeaa,080219e1-4957-4cc8-b45f-885ef9776ef0,"[{'learningMaterialId': '43c642e9-0424-4f0d-8ef0-20ff1e678606', 'completed': False}]",49
53f49b4c-691e-432d-9c72-8bfa62269e55,59b45ace-70d1-44e4-bcd5-22cac38c0609,"[{'learningMaterialId': '9aca9688-d5c2-4810-96ca-e075270f143a', 'completed': True}]",85
bb7678b9-b149-4315-b663-25ce578688fc,c3dd745c-73f5-4342-b4da-bbbed4cb328f,"[{'learningMaterialId': 'f2a7558c-3009-48d5-89e7-961869bfbc64', 'completed': True}]",74
de730209-6b52-478e-ac54-e9e9cdf436bd,02c09da1-9778-438a-abfe-a21e99d6876e,"[{'learningMaterialId': '537bdee8-4b9d-4bf2-b6f5-fdcea535b368', 'completed': True}]",54
0a8324d0-c381-416d-8aa9-25a9c864009f,36729e6e-c9f8-4d35-9997-f8935e78c424,"[{'learningMaterialId': '110579af-053a-47ef-819b-563ac7a4aa73', 'completed': False}]",23
74bb94a2-c599-48a6-933c-1f6ce0e8ae7b,ad6b28f3-0287-4142-9d75-2ae695444ec3,"[{'learningMaterialId': 'e200f2d4-b7ab-4103-9aba-7e1b79d3a0c3', 'completed': False}]",38
8033ceaf-314d-47de-ae5e-4957a12dbd49,d1f384d3-f240-4c31-857c-2074938ca863,"[{'learningMaterialId': 'afb078f3-2dc5-4973-9f60-ab87008f8ea3', 'completed': True}]",30
0ca8daff-7cf0-40f3-8adb-90e0a60cb0bf,81750a41-1154-427f-9c84-0dad1e85e0fc,"[{'learningMaterialId': '76820d12-47fb-40a1-989f-141bd8aae76c', 'completed': True}]",54
fccadae7-bf33-4062-9fc2-ca8886cda10a,96abdcc1-14db-4246-9fbd-e40449a504af,"[{'learningMaterialId': '03fb1271-5f96-4234-8090-0d33f3240445', 'completed': False}]",94
b8f63ec4-9f85-44b8-bed5-fbc9a97a2d61,fc5d2481-7e79-4ade-8d60-ec39e0884ca3,"[{'learningMaterialId': 'ceb517d2-9daa-4429-af83-3d9518d2c645', 'completed': True}]",94
8fc376b8-c0a9-4927-9fc5-cb5efe8be82b,e86f2992-8d08-46b9-8a25-463934919679,"[{'learningMaterialId': '07720090-2f6d-48cc-ae89-1de35d6440a7', 'completed': False}]",53
84d3f7fd-87c7-41d3-b3ff-c64da77366e1,22ef4b79-4833-47c6-81ee-9da49b654e5b,"[{'learningMaterialId': 'f5e7b518-568e-49f4-afde-df2d4f55b18a', 'completed': True}]",43
5075c5cf-0325-4523-8a8c-5f42d24df152,55735544-aa66-46a0-b25b-5ad241bc37e2,"[{'learningMaterialId': '3a1ffa5f-5026-4591-b20c-bc735dc57c29', 'completed': False}]",31
8c42d774-9476-4624-9100-fce2204b5876,ce2cda34-76bc-4461-ab8c-5b996f2fc0d1,"[{'learningMaterialId': '4a6947e5-d730-46ab-a011-52dedf7c8abe', 'completed': False}]",83
8db5b893-ff89-43c8-af4a-da8a671d50e5,487707f7-8721-42cf-bed9-bde0aa359229,"[{'learningMaterialId': '9021653f-2b32-4632-890b-b391c426b931', 'completed': False}]",65
f016fa1e-934e-4f32-b3cd-095bc077ca0f,f5b237ba-9855-4c38-95e6-b0f60f835fde,"[{'learningMaterialId': 'af3a5d59-b152-4d21-8c0b-339b455a3f33', 'completed': False}]",45
ca5fb86d-1707-47d0-8589-2851cea1e622,ebeb8b48-157b-4f08-aca3-4f3183c7475f,"[{'learningMaterialId': 'b566e910-2c7c-4867-a83b-0815f54da7dc', 'completed': False}]",26
7ad634ab-268e-4ef2-9b38-53485d634097,db33e54d-c2dd-4186-8a78-5b6bc52d702a,"[{'learningMaterialId': '4533259c-1650-4751-8f66-0ba288798f64', 'completed': False}]",79
caee104a-e9f9-41fa-9d9c-76b89f2d71cf,528e66c3-1495-49f0-8a0a-66bdd3bc599a,"[{'learningMaterialId': 'caf04c87-97f3-4c18-bb7b-3aaade5757d5', 'completed': False}]",67
1b055ed0-5a07-42b5-aee7-38636dc41a60,918ae0ef-a211-46b5-a43f-6a318aa76b60,"[{'learningMaterialId': '7c3f9789-7b23-49ab-8010-03c64922f8ac', 'completed': True}]",8
26518ed5-a58c-436c-a4cb-67b548c10787,f60de9a3-ecc1-41ac-95b7-10b51303c146,"[{'learningMaterialId': '0939ab71-ce6f-466e-be94-951c8e4ca25b', 'completed': False}]",48
810eb4c1-a855-4852-a70a-c5d00b74ee59,981232ea-e112-48ac-b939-46a232bd8c07,"[{'learningMaterialId': '90da74c3-e8e0-43a8-8c1f-c1862ba4c79e', 'completed': False}]",27
73e1a4ed-12b6-4c79-a0b2-c3855e2e2dc9,d6c02fda-3e0a-4eb0-9ba3-330473c964e0,"[{'learningMaterialId': '9cdabfe5-4986-4cb4-b564-5ed65d1c196a', 'completed': True}]",13
abc150ce-6306-43fb-985b-f672b4b0b0b0,36240c57-2225-4519-9e60-8cf349e6a48a,"[{'learningMaterialId': '589a96f8-2937-4849-b85a-cc6adf8fc940', 'completed': False}]",73
f2719500-9894-480d-9a69-960034d82453,01c8a965-4eab-43a3-b61f-8d2cd60c490e,"[{'learningMaterialId': 'ceb517d2-9daa-4429-af83-3d9518d2c645', 'completed': False}]",61
05a33383-59fa-4ecc-99dc-23be4759ce28,71e7aa34-e186-4743-9c9f-1817f56bed23,"[{'learningMaterialId': '589a96f8-2937-4849-b85a-cc6adf8fc940', 'completed': False}]",38
b0ea2dbe-1fa3-4f0c-a27e-da25a76805fb,d6c02fda-3e0a-4eb0-9ba3-330473c964e0,"[{'learningMaterialId': 'ea7c0530-12d0-4336-9600-cecb24df477f', 'completed': True}]",9
878f36f0-f990-4862-8fc6-142395ab789e,def544bf-7364-41d0-a2a7-3b4a71b2e48b,"[{'learningMaterialId': '1e5dcc82-efcd-45d7-ae93-35df475ce64b', 'completed': False}]",75
c575d225-49b8-4666-a3a7-4440afae0fea,22a315b9-629d-4515-9276-7d32f52d2562,"[{'learningMaterialId': '745c88c7-7529-480c-888f-76bc80659c16', 'completed': True}]",92
b81807d5-e9ac-451a-9e82-0b051290c4de,076d0c1f-4baf-407d-ad65-d894fe456513,"[{'learningMaterialId': '15c45715-fb25-485b-8ea3-26af627afaf4', 'completed': False}]",64
dab6ada0-29ce-4b03-9b9f-1b582218f68c,40268a8c-68ae-4a32-98a2-2078564320dd,"[{'learningMaterialId': 'cb1fdb61-c12a-4470-b8e0-84009f118f78', 'completed': False}]",46
00172649-4982-4f71-8a72-29802f8bdcb7,6c5861ef-6794-434b-b754-f99194d1570a,"[{'learningMaterialId': '138c9119-56d2-4b23-bbd6-4495a95dfc25', 'completed': False}]",48
be8b2068-edd4-4c33-acc5-963b5165ca85,27237f3d-bdc6-43c3-8ccc-d57cecf70d37,"[{'learningMaterialId': '0f26ce1e-a254-42da-92b9-3d4b8453ef9b', 'completed': False}]",94
c2ecac7e-5ada-490c-b549-827a0c0b4001,36729e6e-c9f8-4d35-9997-f8935e78c424,"[{'learningMaterialId': '99768a1b-292f-4541-9189-6eca2fc36144', 'completed': True}]",46
63ead776-0217-477d-ad7e-edf476a792ce,a74d74fc-301a-41f2-8719-9679bc021439,"[{'learningMaterialId': 'e03c0f37-c473-4f54-84f9-e16ed5a5e1f0', 'completed': True}]",51
5348ca76-4a9d-4040-8307-1ba5449ded04,c9ae3496-6dbc-4bce-a366-042a2e3c3c51,"[{'learningMaterialId': '638023f6-c33a-442d-90c1-cf19d0e2ff75', 'completed': False}]",51
f2fc568a-ec1d-43c5-8d0a-816272f9226b,f0c472cc-37a3-463a-8a40-870dbbf8d175,"[{'learningMaterialId': 'af3a5d59-b152-4d21-8c0b-339b455a3f33', 'completed': False}]",24
c3ec40cf-1902-4950-9fbb-4e722eee6524,25069bd7-8880-42c3-8d24-1f1767fb0929,"[{'learningMaterialId': 'e38a6911-438d-4c98-b9e4-13c115762441', 'completed': True}]",32
d760696f-19f5-4199-945f-cd53657c4b99,6e19cac4-2d95-44bc-bf57-cc28d48ee56a,"[{'learningMaterialId': '0ef6ef52-bd04-4dda-9e78-a629d97ce05d', 'completed': True}]",34
6a00eeb3-7eb9-4358-be4d-241a25665cfe,9f45d0e6-9d0e-4df4-9854-7a1c7eaca4f6,"[{'learningMaterialId': 'd8030293-aef5-448c-a2ea-75a2b86ec111', 'completed': True}]",5
9aaf3956-9d77-440b-9e0f-c6396a1d3937,3e659b72-ecf8-49e3-825c-7c7d9b7e6255,"[{'learningMaterialId': 'f2a7558c-3009-48d5-89e7-961869bfbc64', 'completed': True}]",13
e0ea2987-49cf-4a98-8248-d6d2001a3779,c2769146-f49e-423c-9a04-3fc2e9feb785,"[{'learningMaterialId': '3d28899a-11e0-4b4e-9d0c-3432e2646bf8', 'completed': True}]",79
211662c7-286f-442f-9487-40a73cf7a269,4f5931ff-daeb-4af6-b83a-a66903d8ef7d,"[{'learningMaterialId': '7d013992-f704-4912-9a84-a5ef54b8617b', 'completed': False}]",14
ed3db421-70cc-4531-8264-810e675977ba,923a264a-1fe3-4a0f-a205-86145c920b5d,"[{'learningMaterialId': 'ac7f1863-f37e-4b0c-ad86-abc61e1da4d2', 'completed': False}]",74
ff44131e-a869-41f9-806c-74065fc04557,b16254fb-2e0d-4345-a677-8254e56380c5,"[{'learningMaterialId': '0939ab71-ce6f-466e-be94-951c8e4ca25b', 'completed': False}]",16
dabfe6cf-07e9-4611-8daa-90eed922f120,f5b237ba-9855-4c38-95e6-b0f60f835fde,"[{'learningMaterialId': '5c7e022a-297f-4bea-bc98-944e4da9d6c4', 'completed': False}]",26
5503d442-3b27-4c77-afa1-bc14828f311c,aa0202ae-832d-4eab-96ad-047c0ab791f9,"[{'learningMaterialId': '9d98980e-3795-4bc0-9c85-fac29d9ec243', 'completed': False}]",22
6d01bc98-8f16-4246-8a4b-ad264a500e22,1c4df9a1-d7fe-476a-9618-861829e33548,"[{'learningMaterialId': '8d8a3ac2-c195-4f54-a7db-ca61a76a31f7', 'completed': False}]",22
fba1a766-eeaa-4e12-a537-28f86007624c,47a7e55f-b8f1-4b80-8efc-28befd8b7d2b,"[{'learningMaterialId': 'd8548605-06b2-40ff-8f74-0a6db84bd0ba', 'completed': True}]",23
17c00800-c527-4458-a560-86e7bf19a61e,d80fecfc-13e1-4d16-a031-cae997ac0a71,"[{'learningMaterialId': '93bfd779-e81b-4b46-bf03-8505fdde3e28', 'completed': True}]",98
39b7b8aa-447c-4e52-bd87-d7c2d92370e6,6680ca0f-d3d0-4e99-b250-63a3a635ff2d,"[{'learningMaterialId': '921ad094-5717-4b49-8e3c-3d7968f80bba', 'completed': True}]",62
eb4738f4-3d45-4d83-8900-2d9415320bdd,25069bd7-8880-42c3-8d24-1f1767fb0929,"[{'learningMaterialId': '0319f197-19de-47fd-ab52-70e2a9dd1b1c', 'completed': False}]",52
2fe9e1d5-0c04-43e7-abc6-fcfed08f9554,638403ea-9632-4e8f-b1b5-69536158811f,"[{'learningMaterialId': '908778e6-53cb-4223-bf4f-555e7587dc99', 'completed': True}]",71
d6e7a810-ea7b-4240-abfa-7f98c6465fa3,fad8453c-afb1-4153-a7e4-b37b362b6e26,"[{'learningMaterialId': '51c4d060-8aad-428d-b061-c8d79a0606c2', 'completed': False}]",62
e895638f-8c65-4fff-b084-4b6c954e192e,36cc4219-0504-4559-b562-2b4f7dc499d0,"[{'learningMaterialId': 'cb16d80c-8530-4fbc-a117-bb9b4deaca0f', 'completed': False}]",33
5dd499d9-26ee-4aa1-b183-f75b6f212ed8,aa4da9d4-0938-483e-a8d2-b03fabe3aa60,"[{'learningMaterialId': '01ba5401-88d7-4125-ad5c-d52dbe2e8432', 'completed': True}]",7
0d3ce2f3-125e-4368-8734-f6a222496ca5,7655400e-5f3e-4126-8fdd-1ec048731fba,"[{'learningMaterialId': 'c25da975-8514-4efc-9b1b-5f18441a3854', 'completed': True}]",92
88730745-1c55-4c56-9702-579c1daef064,1f772fdd-418f-463c-966c-f3f26fae2aad,"[{'learningMaterialId': 'b2b17313-2294-4709-91c9-0605924606c1', 'completed': False}]",97
797c457c-dcec-4841-8e97-faa9ed10ee15,54eef010-b5cf-402b-be8c-edeac8ad4514,"[{'learningMaterialId': 'e2fa68c4-d277-40e3-b9c4-c4aa44b0b44f', 'completed': True}]",44
468990bb-17c4-4860-a003-e46f5b3dce10,6f279ef4-dee4-40f1-8b9b-61452dfec39f,"[{'learningMaterialId': '164d16cc-4396-4fcc-a1d8-07ceb27fdaca', 'completed': False}]",29
b1eb1ee4-ff9f-4912-a2b8-73b1dff39d8e,55735544-aa66-46a0-b25b-5ad241bc37e2,"[{'learningMaterialId': 'b076dc68-220a-49c1-b85a-dfee925c51bb', 'completed': True}]",43
22d53a59-c589-4155-9e17-85da9e404eb3,36240c57-2225-4519-9e60-8cf349e6a48a,"[{'learningMaterialId': 'fbbb9fce-b18e-49a6-86de-2b94de75b891', 'completed': False}]",82
e69d4914-d7aa-446b-a78b-e69b39f94103,0048c136-5884-4047-9a60-51a371777908,"[{'learningMaterialId': 'e5da7866-474d-4094-9bd1-5bc137a825dc', 'completed': True}]",85
26237935-b0bd-49ed-ab2b-971ea6a8e69c,8331d7f6-c88a-417e-b6cd-daf0fba7c191,"[{'learningMaterialId': '380fa56b-688c-43c8-b801-d04e565b3577', 'completed': True}]",12
8cafb9e8-5a06-4854-9c5a-de5d372d5ccf,b572af98-2bdc-4c2e-974b-4dc443433496,"[{'learningMaterialId': '58b77a5c-da87-498c-acf6-390423e1f86b', 'completed': False}]",39
3bd7a453-77b4-4cc4-89f2-7ac622e407fe,50667b9a-67cf-4d6f-9da7-0452a0ef4f99,"[{'learningMaterialId': '69476d0e-94b9-423d-ac61-9c2934a6b468', 'completed': True}]",32
cc642d42-06b8-41dd-809c-3d2c40d054cc,6751a0d2-aa19-40d5-9fc5-3d3864f9a3b0,"[{'learningMaterialId': '7d00d19c-7215-4532-b122-da2092373e71', 'completed': True}]",99
bb6bcd93-c39f-44e5-bb57-a679e56ce5da,456f1ab5-1fde-4109-bdd7-73566af860ea,"[{'learningMaterialId': '099c2f2e-132d-4209-a3e8-93a622bbcb8a', 'completed': True}]",56
77c3e3fc-cfa5-41c3-87b6-f899701600fa,b63f1553-4a79-4cf7-8de2-5ef32c1f9420,"[{'learningMaterialId': 'f1bdbc5d-44f0-4499-913a-205b839170f2', 'completed': True}]",79
da009175-5f4f-453e-9e1c-3703302e1fc1,1ea99fa4-b60a-4dca-9bc6-795ca2e4c509,"[{'learningMaterialId': 'b28ee56f-36f4-4227-9be2-e39af37fd7c3', 'completed': True}]",27
901c0041-1a73-40c5-a7f1-62584318c990,076d0c1f-4baf-407d-ad65-d894fe456513,"[{'learningMaterialId': 'ae3bb18a-54c3-49bb-ad5d-d3bb7603dc1c', 'completed': True}]",55
ae2719f7-c07f-450c-b740-5a6fa8d72e9a,75ef3bd1-1c57-447f-bd0d-e8836c64318c,"[{'learningMaterialId': '6cb0a71f-7cb3-4c4e-90f0-504b6a92edd9', 'completed': False}]",73
ea8c2788-b894-42af-8c94-36451ce5e1c2,eb5bc620-681c-41fa-84a4-010a95d10f10,"[{'learningMaterialId': 'd2d930de-11af-4981-a4f9-0f51b97b6032', 'completed': True}]",8
9074772e-8752-4866-85df-ddee6b0e7a3c,4772ed6f-d939-4c84-881b-7634c92701e1,"[{'learningMaterialId': '1def0b56-a5f1-4d5f-b6d1-08be15e7b112', 'completed': True}]",69
408e3974-3d55-49bc-bcbf-76e7de3ff8a9,b1035c7e-4f90-42e6-b4bb-d4c74727f1da,"[{'learningMaterialId': '01ba5401-88d7-4125-ad5c-d52dbe2e8432', 'completed': False}]",22
f3acc115-65e4-4796-89dc-935a2f9b8d9d,72b0916d-6381-42bf-8a23-dd1267b529b3,"[{'learningMaterialId': 'ceb517d2-9daa-4429-af83-3d9518d2c645', 'completed': True}]",3
952b9382-0e20-42f8-881e-4e7388c5791c,6465d4b9-d28a-45d3-89be-d516622cc158,"[{'learningMaterialId': 'bac8733c-2fbd-486f-933d-d0564ed69cc6', 'completed': False}]",11
89a57bae-6152-4e64-8465-6289a1699483,bf2fe4e3-ed36-4ce3-9443-d8b83aca9205,"[{'learningMaterialId': '61aaacc8-f8ee-4816-9f31-09d36c7c2b18', 'completed': False}]",64
04c05a1c-34f1-4ba5-bd46-c8ace4f4c1a5,c4d5f3b7-8190-4e3a-a1ac-e842a1d56ae1,"[{'learningMaterialId': 'bee40079-39c3-4e0c-9bf6-138a71c3b542', 'completed': True}]",89
bea18696-4158-4e65-8b42-a8410858b0d3,6e19cac4-2d95-44bc-bf57-cc28d48ee56a,"[{'learningMaterialId': '73e9c237-3bd9-40ef-9fc0-42949d487f12', 'completed': False}]",78
e80f8860-56b9-44a6-9aaf-2e11916abd4e,923a264a-1fe3-4a0f-a205-86145c920b5d,"[{'learningMaterialId': '7de0c0c3-fffa-4db9-b9ed-a863fc8520bf', 'completed': False}]",59
5fdb60f6-e028-4444-8b2c-26cd2ce50377,148137e7-c31f-4590-a898-e9a17db559a4,"[{'learningMaterialId': 'c46b3648-ee90-4658-86e8-e9ce9bcefe04', 'completed': False}]",63
8703f280-06ef-4f08-b19e-c9bbfc87a9bd,6c5861ef-6794-434b-b754-f99194d1570a,"[{'learningMaterialId': '7d013992-f704-4912-9a84-a5ef54b8617b', 'completed': False}]",86
6cf82898-414f-4c35-8ba2-e63bfe64b325,918ae0ef-a211-46b5-a43f-6a318aa76b60,"[{'learningMaterialId': '5596daca-8af1-4cc0-a541-77995500201d', 'completed': False}]",92
3562b16e-8d0c-4999-bffd-8c20762ad783,1f904d82-95ff-4655-a896-5ba43b651ba6,"[{'learningMaterialId': '6ccb4605-31ba-4ca9-9d2c-72ec6f40cab1', 'completed': False}]",1
4ad7b432-04db-4002-b427-0ee093b5c810,63ad2cde-a2e0-4b53-b020-3c5405f566fa,"[{'learningMaterialId': '380fa56b-688c-43c8-b801-d04e565b3577', 'completed': True}]",24
a24afc9c-3ffd-4124-8510-c8f7e323b27c,8da18d2e-bb11-43c5-ba4f-c21453a4bd21,"[{'learningMaterialId': 'beedc455-3f8f-4a8d-9cd0-b427a401e87c', 'completed': True}]",47
84055265-c4f1-431e-a079-8dc63b3773ed,06e88108-abea-4308-805f-2e2ce9a468ee,"[{'learningMaterialId': '9aca9688-d5c2-4810-96ca-e075270f143a', 'completed': True}]",90
c447e398-b334-47c9-a6f3-e1a308cbdf34,802f5477-5f4e-4d90-b4de-15c03911adf4,"[{'learningMaterialId': '6a2e9185-75ce-4998-af58-6eed8c1ee363', 'completed': False}]",93
eb6b3cc6-e781-442c-8f14-aa4b36bebea9,7a1531f2-31bf-4ba9-aca1-8ecdd051ff5a,"[{'learningMaterialId': '78c0b01f-e2dd-42c7-8e12-96eefec33240', 'completed': False}]",89
eb26cbee-185c-4a9e-8bc5-c1ad2dee7856,389a8c10-5ed3-4dcb-b471-1a56dda67a6b,"[{'learningMaterialId': 'afb078f3-2dc5-4973-9f60-ab87008f8ea3', 'completed': True}]",95
7dd5ac71-d927-4687-8b3f-e3e1ec770c49,944a849a-6f65-4263-810c-8a53c83b3031,"[{'learningMaterialId': '55d1896f-007a-4c22-a585-3f8e0770e795', 'completed': True}]",92
0e382d72-e953-4d56-b75d-6e54934cce12,cf8d0c64-2759-4ba1-a060-50fd09494cfa,"[{'learningMaterialId': 'd9de4853-bc73-446b-b96d-5fa45d35e3df', 'completed': False}]",4
0b98f1c0-c30c-4fac-8837-cca6acbc10a7,6465d4b9-d28a-45d3-89be-d516622cc158,"[{'learningMaterialId': '1cc52194-2493-4c08-ba8b-6d884b579476', 'completed': False}]",40
220ecf28-eaee-48d1-9942-4b24fef2ca9f,790d3edf-7087-44dd-9bc5-aba874fc0fe3,"[{'learningMaterialId': '61e657a0-090c-45db-84ba-f24cf7c9d8e0', 'completed': False}]",43
5fe94eda-eedd-47fe-95df-0669446d12f8,9f45d0e6-9d0e-4df4-9854-7a1c7eaca4f6,"[{'learningMaterialId': '9bd78994-a133-4636-85ac-5f99e691b754', 'completed': False}]",40
585517a2-7599-45d3-bb34-0f5639857c7a,0e379dc4-101e-47e5-91a9-58276d2ef7ec,"[{'learningMaterialId': '5a48390b-56bd-463f-a558-d04c11e83b7f', 'completed': False}]",89
3aa92a17-db7c-4e08-8830-b88c56adbc0d,389a8c10-5ed3-4dcb-b471-1a56dda67a6b,"[{'learningMaterialId': '5596daca-8af1-4cc0-a541-77995500201d', 'completed': True}]",98
38228213-c261-4ee0-914f-a27aa9a558c4,0e379dc4-101e-47e5-91a9-58276d2ef7ec,"[{'learningMaterialId': '8d808cbd-e983-46d3-a07b-35211d969580', 'completed': True}]",68
e72ac605-1662-4bfc-bbce-406c807cbc71,4e82b11e-4c71-44a7-9ccf-3b187634aa03,"[{'learningMaterialId': 'ad2ae16b-7988-45b4-9f8e-1d17e16cac6a', 'completed': False}]",51
94c9a9b1-d754-480f-be0f-c623a25bd675,06e88108-abea-4308-805f-2e2ce9a468ee,"[{'learningMaterialId': '99768a1b-292f-4541-9189-6eca2fc36144', 'completed': False}]",28
2bc441d7-060e-4cc2-9419-869215aefc14,9706a3d9-e496-470e-a70d-f513aa34b039,"[{'learningMaterialId': '0c73c995-e99e-4458-8288-7e47af84fc6e', 'completed': False}]",77
d36d5efb-f5f1-4cd8-b98a-43950ff74619,1cda4e3d-571f-44d7-aa36-acf0d3a75785,"[{'learningMaterialId': 'de60518d-ae73-4063-893e-d5b8cad8ebfc', 'completed': False}]",63
420204a1-b161-4ef2-a1f6-75485584afec,b572af98-2bdc-4c2e-974b-4dc443433496,"[{'learningMaterialId': '5c8d5ac6-3cb8-419e-b9f3-4b292a527cfe', 'completed': False}]",73
2299591b-bf9d-4c5c-a1b1-b50d7392d7d2,cb694738-fe46-42d9-a3e3-f9a1c194808c,"[{'learningMaterialId': 'c004082f-f4d1-4fe1-8a15-1c8178c69ff1', 'completed': False}]",30
eaee4124-4c62-4242-845a-7f8839b2a63c,30565c61-0577-4208-b18b-0616103431bc,"[{'learningMaterialId': '0c20b0d0-5d3f-41df-bb12-9603916ae4ae', 'completed': False}]",68
c126051f-781e-4702-8c39-32efa3206ec6,3f8e3b48-4a61-4563-96ef-790d1be2b592,"[{'learningMaterialId': 'b0620ce2-aa6c-436a-a3a9-afc840e6b79d', 'completed': True}]",68
f18d1daf-e65a-4edf-bdc4-041209503974,e4e1b97b-bf3e-4c2b-a60b-ee6d56f9e673,"[{'learningMaterialId': '78c0b01f-e2dd-42c7-8e12-96eefec33240', 'completed': True}]",45
2391fee8-58b4-41b5-8593-c8a2aaea631e,47491882-5542-4117-90e9-179063d0c20f,"[{'learningMaterialId': 'da51d3c2-750e-4b97-af22-4a3aadad80a1', 'completed': True}]",1
e0b10b2a-02a3-4b75-ae4f-5b29caff8dd4,080219e1-4957-4cc8-b45f-885ef9776ef0,"[{'learningMaterialId': '053aa77b-eb86-4825-b00a-0d7c2c28bdfc', 'completed': False}]",88
5f9f1295-5881-43ae-997a-a1fb3aa493ed,456f1ab5-1fde-4109-bdd7-73566af860ea,"[{'learningMaterialId': '6f962c36-249f-4ba3-b834-a9f0f8c60206', 'completed': True}]",96
e11dcdc2-8f99-42eb-bb75-5384dddeef76,93910c67-029a-48a5-9a67-48503494f183,"[{'learningMaterialId': 'b0116d8d-cbc5-4e5e-8e85-00d1db5f9587', 'completed': True}]",65
75eb8060-7fa8-444f-91b8-d167507b7d83,36240c57-2225-4519-9e60-8cf349e6a48a,"[{'learningMaterialId': '07720090-2f6d-48cc-ae89-1de35d6440a7', 'completed': False}]",19
d6f646ca-0a6d-4673-8e6a-bd432ec9b60e,e11187d1-6f7f-4ab6-94d4-81baa95f9680,"[{'learningMaterialId': 'c004082f-f4d1-4fe1-8a15-1c8178c69ff1', 'completed': True}]",87
b76f7a80-c31d-4725-b241-5a68258162b2,a8f13383-2ef0-411e-94d1-c688ff634f3f,"[{'learningMaterialId': '084ad76c-6d22-4135-8957-368673be9a2b', 'completed': True}]",44
1532e40e-3eb3-4f93-a631-a4bb093c3553,08c91fcc-d65c-4397-8b31-d49d3a5e6709,"[{'learningMaterialId': '4559cc09-cf39-492f-97c2-d491243aef4e', 'completed': True}]",98
749be3b4-0b0e-4f3a-b758-1cefbc40cb98,5c282601-ceea-421f-8426-8952a17bb93c,"[{'learningMaterialId': 'af3a5d59-b152-4d21-8c0b-339b455a3f33', 'completed': True}]",62
7d92d6b5-ca75-4c15-a60d-3f81d28a623b,aa0202ae-832d-4eab-96ad-047c0ab791f9,"[{'learningMaterialId': '55d1896f-007a-4c22-a585-3f8e0770e795', 'completed': False}]",90
450a0b31-b284-4c9f-b6ec-0e18946cd0d5,50667b9a-67cf-4d6f-9da7-0452a0ef4f99,"[{'learningMaterialId': 'df1361d9-5ce4-4785-9ab2-aad7dc351918', 'completed': True}]",17
41fb6e95-1748-4f3e-ab0e-8d4d3c5ae3bb,40847f18-99a6-417a-9215-cf002fadab4b,"[{'learningMaterialId': '61437777-233f-4822-b32f-907c80021e33', 'completed': False}]",81
e6fb079a-af9d-4339-8fa4-a3570eff8b0c,2954d95a-66a9-418f-b5b5-4fc04360b9b8,"[{'learningMaterialId': 'f40d29d4-5b43-46ad-a1ae-b2d2dcb5a01c', 'completed': True}]",41
f99ff89f-52a6-4b63-9d36-4860e6b5fbe2,8331d7f6-c88a-417e-b6cd-daf0fba7c191,"[{'learningMaterialId': '0c426201-4c43-49bd-a1a1-5a2d1b4113ed', 'completed': False}]",75
537c84c1-3740-43cf-b4f6-511601d0a575,20de5718-1c05-4eaa-a8df-472c966de469,"[{'learningMaterialId': 'da51d3c2-750e-4b97-af22-4a3aadad80a1', 'completed': True}]",36
cf8fca87-e2d2-4e34-92db-38dea934efb5,e0abaedd-c5d5-4f77-8f52-b225d24e4bb1,"[{'learningMaterialId': '28dd6377-235a-4a8e-a20a-eb87591822d2', 'completed': True}]",56
705cb32b-3d05-4628-8dc9-e1a7c4e372f0,06e88108-abea-4308-805f-2e2ce9a468ee,"[{'learningMaterialId': 'b1b83861-9cf7-477b-ae92-ee812f146efb', 'completed': True}]",90
8b12eeb9-adfe-4a41-90c3-f40faa28cd3e,bf869ac9-a6f4-4849-b9d6-1f92f268c9c2,"[{'learningMaterialId': '1a12d382-f51f-4da4-90d7-638fe00842c9', 'completed': True}]",18
6d56db6f-299c-4f4b-8ebe-f18bc267ca97,487707f7-8721-42cf-bed9-bde0aa359229,"[{'learningMaterialId': '3a1ffa5f-5026-4591-b20c-bc735dc57c29', 'completed': False}]",40
de70f461-56e7-4d13-8024-67f7a6124879,3d273e31-d7b3-4608-83f7-e5d0e4df717b,"[{'learningMaterialId': 'ea7c0530-12d0-4336-9600-cecb24df477f', 'completed': True}]",52
eaedd613-4c14-42cb-ac71-66cc1905add0,389a8c10-5ed3-4dcb-b471-1a56dda67a6b,"[{'learningMaterialId': 'd69b1d7c-9d98-431b-8fc0-10fc902edfa8', 'completed': False}]",7
24a83080-7212-4fbe-a573-749f625625e5,06e88108-abea-4308-805f-2e2ce9a468ee,"[{'learningMaterialId': 'eb33530c-14d1-4cba-88b6-a44119939aa7', 'completed': True}]",51
475269db-de6f-4179-91db-86592b6ac5a7,a66a21b1-6d43-4547-84a0-c9cabef933ef,"[{'learningMaterialId': '537bdee8-4b9d-4bf2-b6f5-fdcea535b368', 'completed': True}]",12
81bb7dbd-4444-4bc4-a762-636493bcdcf8,b1035c7e-4f90-42e6-b4bb-d4c74727f1da,"[{'learningMaterialId': '9d98980e-3795-4bc0-9c85-fac29d9ec243', 'completed': True}]",45
e700e218-5fa1-4ba6-93a7-df47791474b1,68163c74-c799-44ec-a581-8fc4888d32c3,"[{'learningMaterialId': '9b245a2e-8b05-4f43-a801-4c9a6491fd6e', 'completed': False}]",31
0d3922de-bb3a-4d04-8700-131bce254d9d,69e8c085-83fe-41ef-920b-429ceab734fa,"[{'learningMaterialId': '8ceaca61-6501-40d1-9b97-2b17724199c0', 'completed': True}]",89
a6952b1b-2fbb-4e41-9ffd-ff0c3bc1db13,01c8a965-4eab-43a3-b61f-8d2cd60c490e,"[{'learningMaterialId': '138c9119-56d2-4b23-bbd6-4495a95dfc25', 'completed': True}]",82
f3686bf5-8b78-4723-8292-d98e3ee11e73,b3926852-a44f-4830-992c-c78b45c34061,"[{'learningMaterialId': 'b1d6b1bc-c410-492e-99cb-29bda397f6e3', 'completed': False}]",68
34386e86-463d-4ad3-bb31-ca4e9bd10b1b,c89eb596-80e1-4d75-954c-2b8dd9ab36d1,"[{'learningMaterialId': '3052cb5f-bf66-457b-9a24-0a57bc55de29', 'completed': True}]",86
64797239-0d29-464c-875b-93520e42be2f,d3dd03e8-4947-4812-b27f-3e3bb3b45b9c,"[{'learningMaterialId': '5a504de2-cfdc-44da-b6ae-476053fdc86f', 'completed': True}]",56
d6f33b26-a355-4e16-ba65-a66e9386c7ad,528e66c3-1495-49f0-8a0a-66bdd3bc599a,"[{'learningMaterialId': 'e41ae48f-df21-4543-a6f9-7629c0049e91', 'completed': False}]",13
4c51a830-4eab-44bd-851a-4d7a9c97b0fb,8d42a834-5e60-4b5a-ab2e-fcf5bfd2a9ec,"[{'learningMaterialId': 'b3cdeaf3-9c9b-446b-8ca0-b6608d298767', 'completed': False}]",64
373319d9-b6dc-4449-959e-f7a1e9258478,c9ae3496-6dbc-4bce-a366-042a2e3c3c51,"[{'learningMaterialId': '912ff399-3cc8-4f25-a2ef-17c3b9940e73', 'completed': True}]",23
8a4f040f-9b1c-4653-8ceb-0802c9c26c5f,ec6b7252-c2cb-4744-8ba6-437dbdeebc46,"[{'learningMaterialId': 'eb33530c-14d1-4cba-88b6-a44119939aa7', 'completed': True}]",5
9db95e8b-a46c-4733-9c22-06da3d941a5d,c280ccc1-ed08-47d8-9bf6-f2f3d8988ed0,"[{'learningMaterialId': '776a47af-230c-4eb5-a76c-e12ff7953908', 'completed': True}]",80
c2810de3-c2fe-43ca-b6fa-8838c068d663,ad3765c1-6ccb-4e36-9025-cffa435a5501,"[{'learningMaterialId': '715db16e-406e-4c7f-bf1f-a1caa7a72e59', 'completed': False}]",48
b342f8af-7584-43c3-9289-61d96f79b706,dc2f1a4c-7475-43fb-b1ae-b9f3e496527d,"[{'learningMaterialId': 'bddaa4bf-2039-4d62-b3cc-98a290d1190b', 'completed': False}]",87
8870a56c-db7a-426d-afdb-c2827df5d0a9,a177f2e8-fe4c-4233-b68e-5be61f4183d3,"[{'learningMaterialId': '8bc008a2-7730-4bc9-afed-e95407d93ae9', 'completed': False}]",90
51e62158-da6d-482a-818e-99f91af9f42a,e0abaedd-c5d5-4f77-8f52-b225d24e4bb1,"[{'learningMaterialId': '5fc4dc69-72c0-44a7-bc8f-125b655375b5', 'completed': False}]",51
8d6492bc-d5af-4112-a706-f85fd9912039,83674bb2-ae95-493d-8309-e5ef990be4b3,"[{'learningMaterialId': 'adbb199a-56e3-4d4f-a33d-58d8f018cc68', 'completed': False}]",22
004d46d5-e9fe-4bd5-b55f-8fec3a33ffd8,713a05bd-db8a-4fff-a54f-198ac17806fd,"[{'learningMaterialId': '308a5ae6-1ad7-4f64-8530-1fa340cbef5f', 'completed': True}]",80
90dc8c33-23e5-4267-8d71-503a10519f00,27237f3d-bdc6-43c3-8ccc-d57cecf70d37,"[{'learningMaterialId': '5596daca-8af1-4cc0-a541-77995500201d', 'completed': False}]",35
edb1f6e4-c87f-4572-9348-c93fddb2aa88,d563f160-1865-46e0-8519-05b8c43a66c6,"[{'learningMaterialId': '404f7b6d-60d2-4fe0-9969-37b420cc14f4', 'completed': True}]",69
dd776f86-fa81-426e-b6e0-2c72ab9521ea,d45705ec-7456-4aab-a432-3403a343f672,"[{'learningMaterialId': 'b1d6b1bc-c410-492e-99cb-29bda397f6e3', 'completed': True}]",68
c587ec39-bda4-4582-ac39-452c878cc9da,37538a25-dfa3-40b2-b302-2af16e06fd12,"[{'learningMaterialId': '7de0c0c3-fffa-4db9-b9ed-a863fc8520bf', 'completed': True}]",4
0132d5fd-0f7c-4647-a1a8-8d9c15f0f3a6,40847f18-99a6-417a-9215-cf002fadab4b,"[{'learningMaterialId': '5596daca-8af1-4cc0-a541-77995500201d', 'completed': False}]",84
5c4ce9e5-1f40-4281-a025-f0d7671984cc,6ab52699-5392-47ec-9fc0-77e7e8ccc828,"[{'learningMaterialId': '874a2eb8-5edf-4609-931e-c1bcba221818', 'completed': True}]",67
fde6f2c8-60fb-4a27-89c1-14fc0d930ec1,81750a41-1154-427f-9c84-0dad1e85e0fc,"[{'learningMaterialId': 'ef08e24d-05f9-4ae0-910b-0aad774f20e1', 'completed': False}]",94
a2bfdf41-5d68-43e4-89d0-dc6f44628e4f,3c3685e7-26a8-4b9c-bea5-b870d7cc7ad8,"[{'learningMaterialId': '0c426201-4c43-49bd-a1a1-5a2d1b4113ed', 'completed': False}]",47
eab28fdf-ff83-4f8f-945c-b231aa1dd69c,9706a3d9-e496-470e-a70d-f513aa34b039,"[{'learningMaterialId': 'caf04c87-97f3-4c18-bb7b-3aaade5757d5', 'completed': True}]",5
889b3575-6fc5-497f-bea4-3cc38a5cb034,4efeb65b-82c3-4660-bdef-2dc2b19c854f,"[{'learningMaterialId': '2a31c0a3-18db-4cae-9465-a517e00c4528', 'completed': True}]",65
42d48510-4d43-4f06-931d-ad4a894241c2,19610f06-7786-489d-8f7f-2cb3111a5fa5,"[{'learningMaterialId': '5f78217f-e6ec-4b9b-bf8d-fb6b258497a1', 'completed': False}]",81
fa05308a-7323-43c9-9870-59827cc109e3,994cd5fc-2be2-45e7-89e0-303cd29b3bba,"[{'learningMaterialId': 'c74033b6-5f36-41f6-a581-fa1480824fbb', 'completed': False}]",48
d576ee79-2e69-4d02-ae34-0676582afe50,d6c02fda-3e0a-4eb0-9ba3-330473c964e0,"[{'learningMaterialId': '0c5cc539-c6bd-424c-982c-bd07dcc21f28', 'completed': True}]",5
7a4b86cd-3a86-431c-b559-c9be385eed95,80a139d9-cbe5-4591-9d0c-28436114b42c,"[{'learningMaterialId': 'da51d3c2-750e-4b97-af22-4a3aadad80a1', 'completed': True}]",33
caf5d2dd-2ba2-481c-938c-a614621ae456,63034837-4dba-44f9-99ee-44e5ba4ecf8f,"[{'learningMaterialId': '2710141b-3312-49c8-99ba-51d7ed701eb7', 'completed': False}]",64
f70c775d-b130-48c9-b8d4-c37f69165f7c,75ef3bd1-1c57-447f-bd0d-e8836c64318c,"[{'learningMaterialId': '23d3d5d8-819c-43e2-85e8-99d51a7bf078', 'completed': True}]",89
3beb1a3a-e354-4718-bfb4-0aebb00bce3f,cb694738-fe46-42d9-a3e3-f9a1c194808c,"[{'learningMaterialId': '053aa77b-eb86-4825-b00a-0d7c2c28bdfc', 'completed': True}]",93
dddf1a55-7144-4d91-8a56-76f1761d82f7,3547e5b6-a0e7-4095-8972-127c33fe9a27,"[{'learningMaterialId': '7d00d19c-7215-4532-b122-da2092373e71', 'completed': False}]",6
0702eb1e-b5cb-4cb6-8cc3-02621e62c1a3,b16254fb-2e0d-4345-a677-8254e56380c5,"[{'learningMaterialId': 'e03c0f37-c473-4f54-84f9-e16ed5a5e1f0', 'completed': True}]",95
b6842ceb-6eac-4268-a23d-34e9c8aaa572,e399e4ee-a343-4f08-b555-e71f4d008bd1,"[{'learningMaterialId': '5a48390b-56bd-463f-a558-d04c11e83b7f', 'completed': True}]",1
55aef245-e372-4f6b-b335-a6945b11a743,b98032a7-8d4d-43af-b690-b8ad5845b9a2,"[{'learningMaterialId': 'adbb199a-56e3-4d4f-a33d-58d8f018cc68', 'completed': False}]",81
8ba7cdc7-dd76-4093-9092-1419a13ad42e,eb5bc620-681c-41fa-84a4-010a95d10f10,"[{'learningMaterialId': '9c984823-47ce-478e-8945-252be606179c', 'completed': True}]",58
1534d91b-3a7e-4942-96c7-9c2880ef6d30,f0c472cc-37a3-463a-8a40-870dbbf8d175,"[{'learningMaterialId': 'ab2fe7de-aec0-4592-ac49-70def240450e', 'completed': False}]",83
8b224021-7b22-4b0c-91c8-c02da428e52e,31f54a48-5c15-4746-ab3a-f663368a3583,"[{'learningMaterialId': '715db16e-406e-4c7f-bf1f-a1caa7a72e59', 'completed': False}]",32
ca1af33f-dc6f-41a9-bdb7-1d7e3a207305,8664597c-cf15-4945-b248-05004bee05be,"[{'learningMaterialId': 'ef08e24d-05f9-4ae0-910b-0aad774f20e1', 'completed': True}]",1
88c0df62-f136-47d3-a7e6-4632659191e6,1b80fb2e-0eaf-4764-bf4a-eba349b27789,"[{'learningMaterialId': '8bc008a2-7730-4bc9-afed-e95407d93ae9', 'completed': False}]",0
0be463af-b6ab-4e7a-bc47-f73d171099cd,e26de2e8-7705-4cd0-a372-64dd9011910b,"[{'learningMaterialId': '6cb0a71f-7cb3-4c4e-90f0-504b6a92edd9', 'completed': False}]",56
4148672e-f182-4eb3-be97-0ba97c20338d,f87d3dcc-f95c-4d1b-a66d-1831d54f04cb,"[{'learningMaterialId': '4e2be410-31a1-4212-b51b-b0abab817022', 'completed': True}]",79
a5d2e19b-505d-45a6-8339-b862134882bb,1ec55240-880e-4f8d-ae59-233f47427c80,"[{'learningMaterialId': 'a87f4767-1bf8-4436-919d-7e9f3ad10814', 'completed': False}]",3
27d4282b-01c9-4954-92a4-d7611e31b37c,7ff7c238-a6b9-4e73-a477-cfffbbdae55b,"[{'learningMaterialId': 'c10308ce-6108-4a16-87ed-318d18ff9c4b', 'completed': False}]",29
649eda54-c275-4ef0-a933-f6b428a91e33,6e19cac4-2d95-44bc-bf57-cc28d48ee56a,"[{'learningMaterialId': '71653b83-a261-4e84-8ede-72ee6001d397', 'completed': True}]",95
64ca5245-9a48-427e-a633-8a28f17a3476,18bc1af0-d67a-4051-8986-50ac6273d07a,"[{'learningMaterialId': '0c68501b-0eec-4693-bab9-2ed96619e15c', 'completed': True}]",64
43cd237d-2a0f-4ece-9166-6f594d8c5614,1cda4e3d-571f-44d7-aa36-acf0d3a75785,"[{'learningMaterialId': '811f4e7f-faee-4222-bebc-db963cc8a4f3', 'completed': True}]",50
2110f0e4-3f1a-4550-8ab6-652bcf0d0200,fc5d2481-7e79-4ade-8d60-ec39e0884ca3,"[{'learningMaterialId': '1a12d382-f51f-4da4-90d7-638fe00842c9', 'completed': True}]",75
62629a13-312c-4013-98d3-055607d97ff1,f98ba3e9-2e6c-4507-9440-9d6f903dd861,"[{'learningMaterialId': '1ac8395c-b906-46a4-8338-38c2fcada8c1', 'completed': False}]",95
52b5e8cb-9508-4154-9d9f-53b93ba2a8dc,d3dd03e8-4947-4812-b27f-3e3bb3b45b9c,"[{'learningMaterialId': 'c74033b6-5f36-41f6-a581-fa1480824fbb', 'completed': True}]",82
99b0ffdb-0851-435a-b0fe-4986ee880c92,56d5bdd9-9899-42b3-9859-85f2cff04200,"[{'learningMaterialId': '6cb0a71f-7cb3-4c4e-90f0-504b6a92edd9', 'completed': False}]",84
63670cb8-4f23-486d-a8f0-94e137b97c4e,3547e5b6-a0e7-4095-8972-127c33fe9a27,"[{'learningMaterialId': 'ab2fe7de-aec0-4592-ac49-70def240450e', 'completed': False}]",34
fffa1eb9-376a-4d81-956a-640a936f2cc1,6c7ecb1b-0276-497f-869a-c560a8f45c3f,"[{'learningMaterialId': 'd2d930de-11af-4981-a4f9-0f51b97b6032', 'completed': True}]",71
77b7194b-4a92-4094-9626-33f8bc8bb1a5,180c0f2a-12c8-4fc5-8bef-f334c0a4ff7a,"[{'learningMaterialId': 'beedc455-3f8f-4a8d-9cd0-b427a401e87c', 'completed': True}]",15
39a313d5-91e8-465b-908e-9d5afee194e8,b9a39007-0384-4c4d-a5cc-44d94e053f42,"[{'learningMaterialId': 'a47f421e-ff4b-4252-9889-308d6ae14eb8', 'completed': False}]",87
05be9199-5a9e-429e-be77-254530f685fa,6a216920-070b-4ac4-8ee8-1424e421f5b9,"[{'learningMaterialId': 'ceb517d2-9daa-4429-af83-3d9518d2c645', 'completed': True}]",5
bd8c83f0-ea73-497f-8d35-12d920cf452a,7be8a5ed-3097-4fb4-a15f-d52d29418fda,"[{'learningMaterialId': 'beedc455-3f8f-4a8d-9cd0-b427a401e87c', 'completed': True}]",26
e959d218-6348-41b7-bd5d-c63e9feabd0d,e0abaedd-c5d5-4f77-8f52-b225d24e4bb1,"[{'learningMaterialId': '15c45715-fb25-485b-8ea3-26af627afaf4', 'completed': False}]",50
06f0be62-e912-4a50-bf53-3ff087248f32,d80fecfc-13e1-4d16-a031-cae997ac0a71,"[{'learningMaterialId': '01ba5401-88d7-4125-ad5c-d52dbe2e8432', 'completed': True}]",65
03ca7723-6998-43c4-86fb-3f79625d240a,241d5257-d02d-4751-a39d-28ec9add8a18,"[{'learningMaterialId': '0bc2cf36-a72e-4ba1-ab3a-bfe6828eff74', 'completed': True}]",72
b2eec4d5-2df6-4556-87a7-431b853542e9,b4b401f6-8efc-4f0e-bd28-18976aa05b11,"[{'learningMaterialId': '921ad094-5717-4b49-8e3c-3d7968f80bba', 'completed': False}]",75
77ddf668-9838-4fd9-a8fa-d87cfca5c0a2,9cbd3325-625b-4a3e-b237-bb564d7b71ee,"[{'learningMaterialId': '218a73ba-299f-4b09-a680-d9b102310015', 'completed': True}]",4
368c4026-9f9b-45b0-89e6-bd2d5e7c4cf6,08c91fcc-d65c-4397-8b31-d49d3a5e6709,"[{'learningMaterialId': 'aa50b43c-1d6d-40c1-a5b9-29bf2c562fd4', 'completed': True}]",67
9d87faa6-8b38-4f75-8aec-18e4f5fbc9e9,c89eb596-80e1-4d75-954c-2b8dd9ab36d1,"[{'learningMaterialId': '9aca9688-d5c2-4810-96ca-e075270f143a', 'completed': False}]",54
18abc15f-0bd3-4c8c-8fd0-973dee965749,b3926852-a44f-4830-992c-c78b45c34061,"[{'learningMaterialId': 'adaf5bc6-0ea0-462b-9306-aee284dfebd8', 'completed': False}]",50
e3a4a35a-b6b3-4b13-8225-735d65602308,15f8ce18-bc9c-47ba-bb7b-4afcedd54b40,"[{'learningMaterialId': '3174b2dc-c465-47e8-8504-af5cbf5faef9', 'completed': False}]",14
26386390-8736-4717-b235-c011636d9f64,3c3685e7-26a8-4b9c-bea5-b870d7cc7ad8,"[{'learningMaterialId': 'cbb42a99-ad51-43a2-9c1a-09400fb402a1', 'completed': True}]",64
6fcfda00-7f3a-4d1a-b8a1-741783a9acad,22ef4b79-4833-47c6-81ee-9da49b654e5b,"[{'learningMaterialId': 'deba0c55-18a4-4530-9fce-f38bd4e3723a', 'completed': False}]",45
9f131840-239e-485d-9dbe-c8533bcf5b37,981232ea-e112-48ac-b939-46a232bd8c07,"[{'learningMaterialId': '519e1dcd-85b8-4c1d-b81e-68039a3c24c0', 'completed': True}]",32
752e326b-0058-491d-89f0-d060a41c90d2,a1812e02-8a9f-4117-9266-92865f2c2633,"[{'learningMaterialId': 'ebf392d0-b3c2-45dc-89e3-4907860e61e5', 'completed': False}]",67
edd53ef1-0245-4bc3-82b0-83ed0d8735b7,080219e1-4957-4cc8-b45f-885ef9776ef0,"[{'learningMaterialId': '1bde7c1b-805a-4820-a17a-cb22cd91e36d', 'completed': True}]",88
bb268b71-2470-4c7f-addc-42b278801879,6b35324d-fcb0-4897-b6cf-a08c8e7432dd,"[{'learningMaterialId': '3d28899a-11e0-4b4e-9d0c-3432e2646bf8', 'completed': True}]",4
c7ace499-4542-4498-b5ec-24846221fb4b,6e62269e-69e7-405b-8b75-1be56ae4fd2c,"[{'learningMaterialId': '921ad094-5717-4b49-8e3c-3d7968f80bba', 'completed': True}]",72
