_id,userId,learningMaterialId,feedback,rating,createdAt
80b5b02f-41d0-4814-9131-daad379b7450,47a7e55f-b8f1-4b80-8efc-28befd8b7d2b,a145d2f7-c953-4f31-870d-f9760198d599,Point answer clear manager.,3,2024-05-12 05:01:53
d708af57-132f-4d60-90cb-3de2241c16d0,6c7ecb1b-0276-497f-869a-c560a8f45c3f,a8916973-eaf1-42ab-bed1-25db5834138f,Mind ahead front light me everybody good minute.,5,2024-01-19 18:04:58
8e9790df-ac21-4deb-9ce0-4f58f572102f,db14f6b3-c0b7-4716-bfe4-f5577ef39aed,589a96f8-2937-4849-b85a-cc6adf8fc940,Will service road federal look plan upon modern.,4,2024-02-29 22:35:53
27f1c935-a00f-4ba0-a738-a9abdbefca51,d7d47f2e-2e08-4a7e-9efa-b7ac44cbdcb2,218a73ba-299f-4b09-a680-d9b102310015,Door lawyer fall understand.,2,2024-10-03 03:11:06
2f3f8bdc-7363-4044-bb93-1f750746bcfd,b762f004-028f-41b1-a1c6-0d83d6aa1480,4fb4453a-300e-419e-9103-e2de05c8213e,Admit life magazine model at break together.,3,2024-05-09 16:39:15
8a40c392-a379-4ec2-bee7-777d3a333883,7655400e-5f3e-4126-8fdd-1ec048731fba,d23ba437-c8c7-47c7-ab0c-5dae12cdfac2,Though finally project table.,3,2024-05-23 15:33:05
0336e926-24d2-4cb6-80dd-f9a0326c9076,8331d7f6-c88a-417e-b6cd-daf0fba7c191,7f3104b2-1550-4017-ad0b-4d8efcf9bab3,Protect become represent law drug professional.,1,2024-01-12 20:13:45
65cef233-5568-46ad-ace8-6f58bf1ff6eb,02c09da1-9778-438a-abfe-a21e99d6876e,b1d6b1bc-c410-492e-99cb-29bda397f6e3,Speak forward pressure information nice.,4,2024-04-26 14:50:59
62a9381a-6df9-4f1c-a0c0-bda893f1ecdd,a66a21b1-6d43-4547-84a0-c9cabef933ef,d95de6a6-f395-42a7-bd4b-985978f862c7,Mean single social good find compare.,5,2024-08-29 01:48:28
a10e432b-0f10-4c22-9730-8bd233bec90b,dc6147bd-641d-4230-8465-d85f89c098bf,25ba8cff-70c6-4a62-8f2c-b03cafbb36d0,Issue late company why thought model away.,1,2024-02-17 12:23:31
7c4253cc-1a2d-4080-952b-f93992dbedfe,1180adfa-b170-4153-9c19-651defab8947,2ee5412e-2e63-424f-a02c-fa238f2c263e,All tonight single economic generation floor.,5,2024-01-06 06:25:23
24e0b728-9257-43f6-b08b-54702ff9aed3,f0661c93-17fa-46ef-b03a-212916e0ef43,76820d12-47fb-40a1-989f-141bd8aae76c,That growth mention final law safe.,5,2024-01-25 05:18:33
f5bf457e-e95d-4866-aeb4-1ca1b0d592f6,bf869ac9-a6f4-4849-b9d6-1f92f268c9c2,cf9dc466-866e-44f4-981a-10989c49ab02,Conference me others.,3,2024-02-20 10:12:13
57f07296-1127-4114-bc31-000bebbfbbe1,9263d92e-486f-4653-9ad0-567a4dae96e6,b28ee56f-36f4-4227-9be2-e39af37fd7c3,Player seek edge region.,5,2024-06-19 22:20:20
b621c6b0-4593-44c4-a7d9-47e417923ae1,31f54a48-5c15-4746-ab3a-f663368a3583,9d98980e-3795-4bc0-9c85-fac29d9ec243,Available relate model entire final cut law.,1,2024-08-22 20:55:39
47379aeb-c598-4674-bc75-8662792f735f,f698f332-c83b-4459-a0b7-0ba45cbbdb17,76820d12-47fb-40a1-989f-141bd8aae76c,Player protect protect to.,4,2024-09-06 08:58:14
0e791d20-8b2b-47bc-9463-59371f0876e6,2e3ec2e6-ca87-4cd7-8932-ecd2fdb6ab86,0939ab71-ce6f-466e-be94-951c8e4ca25b,Phone defense himself near from she activity.,2,2024-04-25 20:48:39
edfd81c3-a73d-4dc5-b601-3bcbe7fc82f7,9e2a4c7c-337e-47c4-9637-847fc0b860f7,8291b03d-62b7-4f1e-834a-ad0c39ddfefb,Take sense standard.,2,2024-07-04 21:31:11
3ae89fd9-948d-4204-a8d3-fa3d8eb277b5,4b74c5c2-a084-4a43-9306-6d8c95a4d641,20e95a22-805c-4276-bb81-875c3c53f98c,Lead personal start me response.,3,2024-09-21 15:39:29
2691b325-87c3-402e-b85a-6c0a769eb714,a80e06e8-ada7-4bb2-97c4-ece5ae1195ef,5a48390b-56bd-463f-a558-d04c11e83b7f,To either board eat player middle good.,1,2024-09-18 00:03:17
8a76d446-6fb9-49b4-9249-10074678fb2c,40847f18-99a6-417a-9215-cf002fadab4b,2ee5412e-2e63-424f-a02c-fa238f2c263e,Include citizen relationship other myself.,3,2024-02-16 00:28:21
26e66862-fd1a-413b-9dcb-82b2c47b8e46,4f5931ff-daeb-4af6-b83a-a66903d8ef7d,4151bd10-a279-45ca-9fb3-22f31ac2c4f5,Wish many support local board wrong.,2,2024-04-09 14:03:55
edce2cfc-ac3f-466e-be9b-8b206a26b527,3c3685e7-26a8-4b9c-bea5-b870d7cc7ad8,48036109-5036-4858-a090-de09756b1d62,Improve final around sport thousand throw sea.,2,2024-09-12 21:05:15
7325e51a-e952-47c3-b39d-33a813fcb154,00f1c38a-94f7-43e3-9c1d-e14e7700273c,317a7f31-43a4-4741-8a12-eebb2237bf62,Red laugh north ahead.,3,2024-05-02 18:00:29
c53b6c7a-6433-47e1-9731-4b3dcaa6d9a1,f60de9a3-ecc1-41ac-95b7-10b51303c146,a2d1d603-3c65-4280-8355-1c9599d8d080,There natural the race plant staff society time.,3,2024-08-21 02:12:02
fb15e7a4-bdad-47a8-af44-a77575781b72,20de5718-1c05-4eaa-a8df-472c966de469,c74033b6-5f36-41f6-a581-fa1480824fbb,We market new coach.,3,2024-04-21 06:39:35
a2858e27-2c94-424b-9531-9c5ee59929bb,241d5257-d02d-4751-a39d-28ec9add8a18,df1361d9-5ce4-4785-9ab2-aad7dc351918,Pretty network improve stand surface race here.,4,2024-02-25 20:30:43
399f73bf-1742-4581-9847-ca7a17ddeb3e,4efeb65b-82c3-4660-bdef-2dc2b19c854f,b566e910-2c7c-4867-a83b-0815f54da7dc,Player quality win sell tough job exactly leave.,2,2024-07-01 16:42:47
d9e5c771-d55b-4590-ac23-0fbaeae3538d,9ddb9743-513d-4f43-a206-1716652183e6,d4deeada-315b-41ca-b473-41c647744a97,Help traditional enter piece far as result bring.,1,2024-09-05 12:53:38
6e219813-5689-4c05-aedf-058f4ccc2490,4296d8be-8ba6-4345-a0bb-93a07374a4da,5ccfdbf0-8404-4a04-b24f-121cb63a5241,Real ten much just necessary agreement see.,2,2024-03-24 13:03:24
77511f3d-2c5e-4f05-9231-41b1b36aad93,5189fdc0-6ddc-4e47-8f30-5aa724533b46,b27396a0-58d0-4447-8f23-53d8e8902e18,Beat statement laugh.,1,2024-02-08 10:18:37
efb03e0c-4bcf-4017-887d-de0853048088,dc2f1a4c-7475-43fb-b1ae-b9f3e496527d,4151bd10-a279-45ca-9fb3-22f31ac2c4f5,Tv arrive difficult.,3,2024-08-23 02:41:05
7972cf42-9a56-4fb8-9229-065f1f54f2b3,5189fdc0-6ddc-4e47-8f30-5aa724533b46,b076dc68-220a-49c1-b85a-dfee925c51bb,Against professional mean voice stock stop.,4,2024-01-20 03:44:48
3b08770f-4ba0-48fc-b95c-12d165cd7045,9706a3d9-e496-470e-a70d-f513aa34b039,537bdee8-4b9d-4bf2-b6f5-fdcea535b368,Full smile American.,1,2024-08-03 20:15:58
d285be31-a6fa-42bd-8c51-1d77fab1e3c6,f05105a1-0334-4eb9-b2a3-41967a80a6df,b12eb733-3a75-421b-b2e3-596fb502775e,North scientist significant about inside Republican.,1,2024-03-20 01:03:56
5fcd4a7b-f420-42d0-b1bf-d53a206bfd98,7165e35e-76f7-49e5-a810-aebc8677f1a8,6f962c36-249f-4ba3-b834-a9f0f8c60206,Mrs street TV should represent police.,3,2024-09-02 23:21:04
a814a0eb-ec63-4279-9cae-a6ac5d29e5eb,d563f160-1865-46e0-8519-05b8c43a66c6,1e5dcc82-efcd-45d7-ae93-35df475ce64b,Water win project effect beyond.,5,2024-04-07 10:43:58
a9e838b5-fb29-4549-844b-1883c9151954,528e66c3-1495-49f0-8a0a-66bdd3bc599a,4c074304-2a0b-4c93-8694-ded54e6f1407,Tough dark buy minute will support agreement possible.,2,2024-02-17 22:04:31
6bbff542-0f6b-42ce-ad4c-26d210077dd7,3d273e31-d7b3-4608-83f7-e5d0e4df717b,4a80b75d-202a-401b-8881-946ec5ef7255,Check finish building occur feel focus.,4,2024-04-02 16:43:10
ecf1b308-413f-408c-93d7-fafa078d52e7,f419a008-6156-496b-b96f-3cd3812290b5,70b8bbe2-c292-4064-b8a9-fd87e9941371,Machine challenge stand notice federal bill these.,4,2024-04-25 07:49:16
5ad71d78-b191-4150-be29-ada6ff1d18b9,f87d3dcc-f95c-4d1b-a66d-1831d54f04cb,b1d6b1bc-c410-492e-99cb-29bda397f6e3,Note arrive various plant.,5,2024-07-10 21:23:48
5a1bd06b-5b5b-44eb-99d0-87c195e73239,a7de20c1-142b-408b-9aea-35d936d130a3,bac8733c-2fbd-486f-933d-d0564ed69cc6,Them method after four once sing various.,2,2024-03-01 10:24:58
69101cf3-1693-4c28-9ce7-a08e76575b3d,3f8da0bc-4005-421d-9c68-231320bd91d2,138c9119-56d2-4b23-bbd6-4495a95dfc25,Drop anything perhaps.,2,2024-03-03 06:07:26
16df9da4-d706-4515-9fde-04f9e9f6f122,31f54a48-5c15-4746-ab3a-f663368a3583,811f4e7f-faee-4222-bebc-db963cc8a4f3,Him across western medical election give star black.,5,2024-06-25 19:01:27
5dcfd627-6063-461c-a3b2-768296c83bc4,bc87fba6-ea8f-49ba-af45-54c38e3358f6,35664305-e8b0-4793-96cf-1d750442d24b,Relationship human where think foreign word something.,2,2024-10-03 22:27:13
357cba19-8842-49e0-9fed-0d41664143db,01c8a965-4eab-43a3-b61f-8d2cd60c490e,6ccb4605-31ba-4ca9-9d2c-72ec6f40cab1,Inside key spring avoid stage.,4,2024-02-24 01:24:59
f2284554-088e-49d9-a16d-be043838efc5,456f1ab5-1fde-4109-bdd7-73566af860ea,110579af-053a-47ef-819b-563ac7a4aa73,Computer administration place assume man full.,3,2024-07-20 12:56:56
ffbde2d1-b458-41ee-8d4f-ff78d90c4011,f2827af4-d1d8-42e7-b094-5ae2f399c002,b076dc68-220a-49c1-b85a-dfee925c51bb,Civil dream fill discuss actually like authority.,5,2024-05-11 23:05:21
7886a657-6b3f-4f4a-95c5-8cae37bd0d8c,b83e4bf2-b124-48c9-b2f9-017e60841be1,6a2e9185-75ce-4998-af58-6eed8c1ee363,Pretty wife finish for.,3,2024-01-19 04:38:55
96f2b629-6d3c-4eb6-ab41-e70438ba4c43,fc3b3ac2-5844-4ae0-a530-7e4e2ca1deeb,0c5a8510-fefd-4d74-b1c8-a229f9cac237,Statement perform grow skill.,3,2024-01-09 10:19:38
fe25f869-641c-4066-89cf-efe11a4ac615,aa0202ae-832d-4eab-96ad-047c0ab791f9,58b77a5c-da87-498c-acf6-390423e1f86b,Report under history party.,4,2024-06-02 10:40:03
554c0647-6f77-49ef-a4b0-c0169e54e2be,0e379dc4-101e-47e5-91a9-58276d2ef7ec,b3cdeaf3-9c9b-446b-8ca0-b6608d298767,Artist nothing especially understand forward market bar.,3,2024-10-05 01:06:16
c2871d78-866e-4f0c-94b1-bafa419244f5,6e19cac4-2d95-44bc-bf57-cc28d48ee56a,5ccfdbf0-8404-4a04-b24f-121cb63a5241,Radio off rate you yard five someone.,5,2024-04-26 20:44:24
09d1133c-0b6c-4acc-9eeb-e02cfa9beb81,68163c74-c799-44ec-a581-8fc4888d32c3,cb33fcfe-ccfe-48e9-b5ad-a64b619ca9ee,Word industry wonder.,5,2024-05-26 22:26:51
c5150af1-4b76-4e0d-acb2-3ad6d1791f3c,b98032a7-8d4d-43af-b690-b8ad5845b9a2,16951674-b8eb-4c91-83a2-b510a084357a,Listen catch age common build real.,4,2024-09-24 18:09:16
e8ee791c-43c9-4a46-a8fc-bb554da99293,c62f69ec-4c8f-4be7-a150-b6efa20c1253,d8548605-06b2-40ff-8f74-0a6db84bd0ba,Movie will attention foreign open hot.,3,2024-03-12 05:28:44
4b93fcd1-830f-4708-9436-a54b366a4215,a1812e02-8a9f-4117-9266-92865f2c2633,aa50b43c-1d6d-40c1-a5b9-29bf2c562fd4,Book dinner red upon cover.,5,2024-08-05 20:24:00
6b72ede2-c95c-46c8-932b-b27ecfb9370e,b9a39007-0384-4c4d-a5cc-44d94e053f42,58b77a5c-da87-498c-acf6-390423e1f86b,Why leave kind listen long travel suggest.,5,2024-05-24 10:14:42
dce56db8-3cb6-4088-86b1-3ad2c44f0a69,1dfdbae7-7baf-4afc-b6f7-a8d678e66fc5,2c89f10d-b8e7-499a-a046-308b17ee76e5,Example benefit across.,2,2024-02-22 06:18:14
08d17323-43e7-40e5-9e3c-6641dd8ec79b,cde89b33-5886-4250-9b3e-2173456d24cd,2e20255d-a136-49d2-9a03-975739694dc2,Yes seven these available.,1,2024-06-05 21:38:53
658be976-a44e-423b-88e0-a08dbe64d7f6,02c09da1-9778-438a-abfe-a21e99d6876e,6e67a1b2-4579-4957-9dc2-5ae70ad8e02b,Name meet leave suggest husband establish.,3,2024-09-30 11:42:15
f48b3618-9520-4db8-bc6d-2c5d87c96e5e,47a7e55f-b8f1-4b80-8efc-28befd8b7d2b,16951674-b8eb-4c91-83a2-b510a084357a,Production property west.,3,2024-04-20 14:35:26
27ca5cce-3c5a-454a-b1d3-7a810bd1fd1b,e0abaedd-c5d5-4f77-8f52-b225d24e4bb1,528e87e6-0737-444b-881e-fa9b0a1ff4a2,Consider be score thus town management.,1,2024-07-27 13:08:51
ce5c66bc-fa19-47ff-9c8e-1bf9f202985f,790d3edf-7087-44dd-9bc5-aba874fc0fe3,b189c0e5-fc60-4d38-bdc2-3d5b3f8ef0de,Article something continue son there black consumer.,2,2024-04-07 01:51:22
737ee0d5-4bbc-4bbc-845a-b4233ff29667,0330709b-8b85-48cc-8403-b5b12b23a853,138c9119-56d2-4b23-bbd6-4495a95dfc25,Finally let concern such.,1,2024-09-30 02:48:50
aa498c11-c3c2-4ca9-a8b9-55ede113c659,37130337-204d-4249-88e1-b93ecc302714,b7786d31-ba04-4c82-8c6c-47e4e6e86250,Parent still forget have own.,5,2024-04-29 13:26:19
3070b605-f23b-48f2-9b49-0c7179003f89,a7653175-c362-46f8-9be1-78fc3eaa659a,55d1896f-007a-4c22-a585-3f8e0770e795,Final cold employee child need leg including.,4,2024-09-21 13:22:33
326ea3bf-f32d-4eca-a0e5-7d2320a28f11,67834a30-cdd6-4a1f-8931-c095440fbfb3,ee45109a-0fd2-47fb-a06f-710b7fa35795,Speak remain drop.,1,2024-05-08 22:55:01
4f180dd6-36ac-4329-bcd7-1ed6a3c2658f,076d0c1f-4baf-407d-ad65-d894fe456513,4ce71203-6899-467a-84ed-61e957d878ac,Common however student ground then effect hospital.,1,2024-01-26 01:01:16
d6c5aea4-53bc-47c1-a39d-4698641e8f00,eebc4c92-16ba-446a-b4f9-a29b0931f7ec,380fa56b-688c-43c8-b801-d04e565b3577,Newspaper professor clearly.,5,2024-03-21 15:11:02
00e87980-a275-41f3-852f-55d07098fd02,9263d92e-486f-4653-9ad0-567a4dae96e6,bdd7e0ee-938b-4a64-b945-2ca59fe3bf34,Eight contain bag least check how.,4,2024-03-13 19:06:21
9a4a2e9e-5c01-438f-9822-c5af1736c9a7,c62f69ec-4c8f-4be7-a150-b6efa20c1253,9021653f-2b32-4632-890b-b391c426b931,General lose day woman chair grow.,2,2024-07-13 22:20:29
69532a6b-895a-49ef-a365-350c6dd07aab,68163c74-c799-44ec-a581-8fc4888d32c3,7d00d19c-7215-4532-b122-da2092373e71,Friend law fine also eight.,3,2024-08-06 06:21:57
ca133dd6-9051-4954-b9d4-5ad38fa6d7aa,aa4da9d4-0938-483e-a8d2-b03fabe3aa60,1b7cc82d-492b-4fc0-ad78-0194d13c7e10,Seven physical world road or action.,2,2024-03-13 22:26:51
5bac86f6-8b2e-4196-8824-4eb04d70649d,31f54a48-5c15-4746-ab3a-f663368a3583,a2d1d603-3c65-4280-8355-1c9599d8d080,Item life produce so evening artist community.,3,2024-04-14 15:32:14
b61e95cc-0598-434d-acb8-402cd353d14e,f419a008-6156-496b-b96f-3cd3812290b5,f275972c-7895-45cd-9aac-9916c926948c,Sort food list together alone.,3,2024-03-04 12:44:09
b2580b6b-d5d9-47db-b83c-6f53df26d75b,4e82b11e-4c71-44a7-9ccf-3b187634aa03,0c5cc539-c6bd-424c-982c-bd07dcc21f28,By quality similar between speech dog alone.,1,2024-06-01 13:35:00
bc91ef7c-fba1-40f6-a649-d6c13f42f281,b221a185-690e-478a-8942-068ac46dac70,9bd78994-a133-4636-85ac-5f99e691b754,Bed first television study.,5,2024-09-03 23:31:53
1bc64ec4-da85-4409-98be-6cf31cc10c17,8664597c-cf15-4945-b248-05004bee05be,831a870b-9ac2-437c-899e-939015b274c6,Not best after face son middle.,5,2024-03-19 02:31:14
f8c3ce45-7a36-4aa6-be4c-fe745fd8a475,9ba359d8-8870-46f0-9d66-ee93db27f0ad,97cf0f04-edb5-48fd-94c3-fb12ef20557e,Season score improve notice bed common.,4,2024-01-22 19:23:01
fb5de198-9c5f-45dd-8ced-ea62a4a18f91,67834a30-cdd6-4a1f-8931-c095440fbfb3,ac7f1863-f37e-4b0c-ad86-abc61e1da4d2,Spring practice arrive point.,1,2024-04-21 02:09:25
b2a69cac-58f7-418b-afc3-d658cecc978f,bd61250c-5ba3-450f-bdc2-33e3cfe3368c,e5113008-6c39-434d-a41c-08b0884369bf,Spend pull church.,1,2024-04-23 09:16:25
e8b092c2-c354-48f1-a3a6-be1a183172bb,b4b401f6-8efc-4f0e-bd28-18976aa05b11,69476d0e-94b9-423d-ac61-9c2934a6b468,Open east finally anything them clear information condition.,5,2024-03-31 20:09:04
95cec416-3afc-4ef3-a1b1-b3eb17e4a840,63ad2cde-a2e0-4b53-b020-3c5405f566fa,a87f4767-1bf8-4436-919d-7e9f3ad10814,Environment owner phone down arm.,5,2024-02-27 12:21:50
08c3aea6-fc87-41e2-96a3-9b9132f0ffba,e90bc469-a285-4801-822a-0c5723f3419b,9021653f-2b32-4632-890b-b391c426b931,Send real tend nearly form over operation.,1,2024-08-08 17:55:12
28d0f5dd-c755-4232-8378-8b74980b3450,a7de20c1-142b-408b-9aea-35d936d130a3,ebf392d0-b3c2-45dc-89e3-4907860e61e5,Goal just may world close decade.,5,2024-05-27 02:56:19
58562e86-2417-45b2-b989-dc07db424516,df8df501-98fb-46f7-9c0c-5b0d33ce6fec,103a0e21-77af-49f8-a699-526cb464a595,Training lay risk candidate.,4,2024-09-27 19:13:29
75d69e15-a407-408f-a21c-6bf2318d477a,b094e212-109b-4c3a-8a50-cfdb75e85c29,0c426201-4c43-49bd-a1a1-5a2d1b4113ed,Program example only recognize small.,2,2024-05-17 22:59:35
6a218326-41d5-481d-9eb3-528dab13da18,47491882-5542-4117-90e9-179063d0c20f,0939ab71-ce6f-466e-be94-951c8e4ca25b,Per nor sell challenge why.,4,2024-09-04 04:13:33
9bec2569-7106-4bbc-aacb-6a76fb4db304,9e1c03c8-1123-465c-bd84-174dd3177303,04eeb467-f8a7-425b-b1b3-3b8f96660b30,Administration skill hit treat traditional show knowledge.,5,2024-04-23 23:17:25
4e60a93a-7a78-400a-8f68-898118c07e8d,df8df501-98fb-46f7-9c0c-5b0d33ce6fec,0c5cc539-c6bd-424c-982c-bd07dcc21f28,Record new good social soldier remain company.,2,2024-08-09 00:18:53
06fafefa-06ce-4089-9eec-fdc53c90b7ee,057499dd-1839-49fd-bc74-22fe672d761f,8f3d711c-ff02-4944-8301-f94d78278895,Year five notice.,3,2024-01-08 10:52:05
2bfb3e43-19d3-4877-939a-ba8dd8f3b325,71e7aa34-e186-4743-9c9f-1817f56bed23,b1b83861-9cf7-477b-ae92-ee812f146efb,New none race senior about throw behind.,3,2024-04-11 00:19:41
4d78a58e-6d6e-4995-be01-c07dfd202131,15d648b5-a952-43a9-b1ef-bf15684ebb1a,95b8e3a6-54e1-440e-a9cb-8bded2557759,Maybe possible field dog nation.,3,2024-06-06 12:52:02
0c0ef08e-dbbd-451e-8197-6d200bbc3b4d,180c0f2a-12c8-4fc5-8bef-f334c0a4ff7a,f1180809-2d97-4649-8e4e-e4445d8f3a09,Mr again board build capital career bad purpose.,4,2024-02-21 05:07:45
97625f89-8a1b-40e5-a7a3-9d5f9540ef23,084a116f-7fb4-49e2-b3fa-397760b0fe6e,d95de6a6-f395-42a7-bd4b-985978f862c7,Wife system establish character.,4,2024-09-25 18:02:42
c51df526-c2cd-4099-b10f-b2c624ed8a58,065289b9-2a9d-45ac-acfc-20d52ee7e259,1980fcb7-68d7-47ad-8b2a-11a997f90b00,Speech mission magazine nor player relate just.,2,2024-04-09 09:37:22
2032590e-3832-4a76-bd9a-cfee0ae18d87,389a8c10-5ed3-4dcb-b471-1a56dda67a6b,638023f6-c33a-442d-90c1-cf19d0e2ff75,Process company carry bring interview ability.,2,2024-02-24 20:17:41
f235cc63-f883-4400-a9ae-8699080f5839,2d48b737-7d90-4165-8dd7-e0629b0fc8b8,a3e7ead2-dcad-4f88-bfba-6a67b0502994,Soldier speech politics world require husband.,2,2024-03-28 08:51:47
7d2b7b90-d047-4dad-b2da-36550ca2f86d,528e66c3-1495-49f0-8a0a-66bdd3bc599a,bdd7e0ee-938b-4a64-b945-2ca59fe3bf34,American many group born improve I.,3,2024-04-12 03:52:46
97384f89-ff03-41b0-a04b-e19de9d914e1,36cc4219-0504-4559-b562-2b4f7dc499d0,7c3f9789-7b23-49ab-8010-03c64922f8ac,Movement money compare party movement relationship article energy.,2,2024-02-19 14:36:29
3543e641-88d7-49ac-a1bf-ca439dce5108,36729e6e-c9f8-4d35-9997-f8935e78c424,908778e6-53cb-4223-bf4f-555e7587dc99,Though song anything family letter another.,4,2024-04-13 07:45:41
6587b3c8-76b9-4c65-8f8b-a7c4c9af3db4,15f8ce18-bc9c-47ba-bb7b-4afcedd54b40,a1c68c37-6c05-4eb5-9c26-bb0a18a54f1c,Provide final world building support.,4,2024-08-05 20:48:58
b497aea4-b42b-4e11-9aab-5b8c71ae6ce3,fa1da77b-8a79-4f0b-ba29-e80e55c233eb,8c9fa071-f0da-4ff1-b183-4fbb8d2bb46b,Organization bit mind tax.,1,2024-04-09 05:55:05
0e0060a6-eaba-4c59-a8c1-717723183b52,3bb358e3-2ae4-4414-93dc-9e6928ab18f5,0c73c995-e99e-4458-8288-7e47af84fc6e,Discuss believe race grow trouble.,1,2024-10-02 11:45:57
cb95a75e-b1c8-4d5f-b61c-ebeebc487e92,c4cabb0a-fe7f-4d50-8a56-d100e1609640,e3b6abef-98ee-4483-9f6f-2f3348c7ed4c,Scientist management office it cost.,1,2024-05-16 16:32:00
2cf43159-8ba7-4a57-a484-a4f01196579e,f87d3dcc-f95c-4d1b-a66d-1831d54f04cb,0c68501b-0eec-4693-bab9-2ed96619e15c,Individual hear be region road table mean.,5,2024-01-25 08:02:06
4311c52d-444f-438e-b01a-cf321f4b9a8e,b83e4bf2-b124-48c9-b2f9-017e60841be1,adbb199a-56e3-4d4f-a33d-58d8f018cc68,Strategy start until wonder example own.,3,2024-04-18 06:32:21
cca4ffa5-45d4-4a88-98a2-b52e4fe3e122,e2817254-cab8-40b3-bc54-f67748538cd7,5fc4dc69-72c0-44a7-bc8f-125b655375b5,It system weight response recently quickly box.,5,2024-08-18 16:51:27
d04f5efc-e5da-48d7-92c3-310d27e919ff,a7de20c1-142b-408b-9aea-35d936d130a3,f832983d-7ff0-46b6-9487-69c2093f4e2d,Fire see east laugh newspaper protect image.,4,2024-08-04 09:49:22
a4925cf9-4758-4c3b-b95e-b379bd7ac692,22a315b9-629d-4515-9276-7d32f52d2562,6bd9c032-1605-4319-8402-753cd1727fb2,Simple conference face face.,3,2024-02-22 05:34:08
5a65c16a-7fa5-46ac-a3a1-3012f9e4f979,bc87fba6-ea8f-49ba-af45-54c38e3358f6,0e208555-f08c-4e0c-8fde-ddfab3189055,Control value people war candidate fill.,2,2024-07-30 02:45:30
86f526b7-9a5b-41c5-90de-b6c9e58471e4,7be8a5ed-3097-4fb4-a15f-d52d29418fda,b0a83c7d-1f4b-4c87-8f6f-1ae1934093c1,Quality form energy very note force yourself.,3,2024-07-27 18:00:15
0fa58287-2623-499a-af73-10d875c03ace,0048c136-5884-4047-9a60-51a371777908,717fc5b5-35fd-4de4-be67-3cd1f748218a,Break everyone term sit consider stop than.,5,2024-06-25 14:09:42
f925ea0c-e862-4252-b724-3da17ccf7fa7,02c09da1-9778-438a-abfe-a21e99d6876e,0c73c995-e99e-4458-8288-7e47af84fc6e,Eight room necessary move near.,5,2024-01-29 19:39:46
1e10eb96-e139-48da-a464-446ee0ad0b97,7b7d62ed-934f-4eff-a682-3ae082152a80,9d847c26-4907-4749-8ac0-533743dc931d,Game in allow or star.,5,2024-06-30 05:53:28
9f538515-f172-41d4-994e-35c1764a06cf,3bb358e3-2ae4-4414-93dc-9e6928ab18f5,adaf5bc6-0ea0-462b-9306-aee284dfebd8,Include make among either else mother.,2,2024-03-15 21:19:26
e7ea9d53-f1be-463a-9be0-8b7a265f1aac,d80fecfc-13e1-4d16-a031-cae997ac0a71,3dfcb51f-bc4c-49c4-ba00-35b5ed048e0c,Learn bad factor.,1,2024-04-07 22:21:32
2a49d390-0984-4f04-b99e-4a0448273106,ea47d8ed-3167-41df-bc9b-5c2a4e31f09a,aa50b43c-1d6d-40c1-a5b9-29bf2c562fd4,Low party about growth then.,3,2024-04-10 04:39:51
aebdf69a-6259-4263-9521-e15a46cb390c,aa0202ae-832d-4eab-96ad-047c0ab791f9,f1180809-2d97-4649-8e4e-e4445d8f3a09,Mother particular face your nation act close.,3,2024-04-03 16:50:11
25bd14fd-48bf-459f-b189-8ea93663681b,4f9d8949-5f98-4470-b0ba-24c1741cead0,1ac8395c-b906-46a4-8338-38c2fcada8c1,Day cold view national population technology.,3,2024-01-11 16:43:32
eb46c124-f936-43aa-b418-64b8ca950aff,c1e41a45-05c7-4102-ab61-af1eb8296f14,15c45715-fb25-485b-8ea3-26af627afaf4,Partner effect weight near.,1,2024-03-14 17:53:26
81ef7ae2-9934-4e84-ac01-64866d514946,3f8e3b48-4a61-4563-96ef-790d1be2b592,921ad094-5717-4b49-8e3c-3d7968f80bba,Side agent number in partner project news.,1,2024-05-05 09:05:06
6c7a5cc4-9f87-430a-be88-5184f312fdbd,1dfdbae7-7baf-4afc-b6f7-a8d678e66fc5,1cc52194-2493-4c08-ba8b-6d884b579476,Situation financial brother bag receive contain eight believe.,4,2024-03-03 11:04:51
92525cd8-f46d-4337-b88e-fa80b92c7948,9d85a1c3-c543-43b9-ac32-4870dcab8039,70dcc249-8d59-4287-bba7-d548fc76860c,Land its win environment walk couple state.,5,2024-02-20 00:34:40
20da642f-2964-42e9-b089-6df58e07c03e,3e659b72-ecf8-49e3-825c-7c7d9b7e6255,ab053a75-e2f5-4d73-9a84-aa9861ed5b00,Dog admit ever eye.,1,2024-07-13 06:37:17
497432b5-6f2b-4eca-9a68-8e1562d9dde6,e2817254-cab8-40b3-bc54-f67748538cd7,912ff399-3cc8-4f25-a2ef-17c3b9940e73,When focus by learn moment eye work.,1,2024-10-05 14:54:41
5c0922fb-99fc-4ed4-a999-e9c51e948a67,20de5718-1c05-4eaa-a8df-472c966de469,78c0b01f-e2dd-42c7-8e12-96eefec33240,Family many out special future.,2,2024-03-07 06:25:16
16574f05-45cc-489a-bee5-ade7c83e7ba2,bf869ac9-a6f4-4849-b9d6-1f92f268c9c2,f40d29d4-5b43-46ad-a1ae-b2d2dcb5a01c,Now military strategy daughter compare.,3,2024-05-08 14:50:06
66fe4419-342c-4351-a061-29e2b4289838,b83e4bf2-b124-48c9-b2f9-017e60841be1,053aa77b-eb86-4825-b00a-0d7c2c28bdfc,Mention ready attack bad friend.,5,2024-08-17 03:58:18
2cf52186-9511-4580-8888-cdee5737c49f,1e3464d1-19a0-4db7-a656-910dc6206ca5,268f011f-2af7-4223-b14a-6151e360ee6a,Certainly keep run argue.,1,2024-07-13 10:52:49
b9b0c389-48d5-4453-b926-d4e5d9e61be2,b4b401f6-8efc-4f0e-bd28-18976aa05b11,f2a7558c-3009-48d5-89e7-961869bfbc64,Others notice example about.,2,2024-01-08 17:06:44
a1ce4ff1-0bb3-4ac2-ac57-acd9128ffbda,30565c61-0577-4208-b18b-0616103431bc,6ef0eb0c-8ed2-4486-b0e1-2ec228d09ef4,Husband expect quite investment instead.,2,2024-03-30 12:57:42
1b8e20c7-d6be-48b8-8dca-3f5628e80555,f0661c93-17fa-46ef-b03a-212916e0ef43,cbb42a99-ad51-43a2-9c1a-09400fb402a1,Government detail place large especially.,1,2024-05-17 16:41:20
802d56de-dfd6-4b08-85ea-a40747ec9661,72b0916d-6381-42bf-8a23-dd1267b529b3,9cdabfe5-4986-4cb4-b564-5ed65d1c196a,Image sister tonight age about central.,3,2024-02-17 04:40:24
4eee6748-9be8-405d-8ba0-97d622b612af,36729e6e-c9f8-4d35-9997-f8935e78c424,7230ad09-5d7e-4b2c-acbb-94d6517c39d1,Democrat not control.,3,2024-04-25 15:53:48
059369c5-d88d-431b-a214-1258008b9a45,96b169a1-7ee1-4891-8825-e312f440c230,f409149d-ef4b-4642-b379-ac0653769ebd,Field least course last season environmental.,1,2024-03-18 08:13:09
b07ccc7b-e46f-4727-9b6c-d27e1489f642,8da18d2e-bb11-43c5-ba4f-c21453a4bd21,9cdabfe5-4986-4cb4-b564-5ed65d1c196a,End until four red born wonder second.,5,2024-05-18 23:57:55
08c7f2f8-f63a-4350-a9c9-2942e2d6e2ca,28d770cc-5423-433a-b9ec-737c4cba7202,1021128e-8c51-43d8-988e-5c70af23405a,Quickly situation vote break.,3,2024-02-12 08:01:25
32208fd0-1466-43d1-b0ab-118e233e70f1,065289b9-2a9d-45ac-acfc-20d52ee7e259,28dd6377-235a-4a8e-a20a-eb87591822d2,Be century one see life clearly.,3,2024-04-07 08:27:41
1f69ebe8-8c3c-4cb8-9d92-53965453f617,241d5257-d02d-4751-a39d-28ec9add8a18,23d3d5d8-819c-43e2-85e8-99d51a7bf078,Under ability view parent.,4,2024-10-03 06:55:36
e7695bd2-ec23-4d68-8a64-edbddba18d13,b5f0b6fe-bde9-4518-b9b0-00fc643cebd3,776a47af-230c-4eb5-a76c-e12ff7953908,Increase window page save wonder.,2,2024-07-25 00:16:49
6304e57d-c21f-4403-af26-0ac986c600d4,67834a30-cdd6-4a1f-8931-c095440fbfb3,e15f6527-3762-4829-9cac-5042f187464b,Door step reach stock soldier company significant.,4,2024-07-19 13:53:11
f82c7d06-5828-40dd-959a-65c543baf057,981232ea-e112-48ac-b939-46a232bd8c07,9021653f-2b32-4632-890b-b391c426b931,Their interview provide manager loss inside kid.,2,2024-06-15 20:20:34
046e1023-6efd-4195-a075-0d41228369b0,19610f06-7786-489d-8f7f-2cb3111a5fa5,0fa786d2-b4a3-4d22-874d-a24c96f4ef2a,Nice single movement.,5,2024-03-09 16:41:31
67140e4b-bf1e-4053-9a4d-338077ae32a7,fad8453c-afb1-4153-a7e4-b37b362b6e26,16951674-b8eb-4c91-83a2-b510a084357a,Around friend relationship apply.,1,2024-10-01 22:06:04
fdbb727c-af1b-4151-8ae0-0a5e4e0c4940,08c91fcc-d65c-4397-8b31-d49d3a5e6709,d6b18741-8718-44aa-ba80-2bfd5dc52007,Thought blue example at small possible strategy important.,3,2024-01-07 01:38:02
54a6cce7-3372-4004-b00e-daa00d3ff045,01c8a965-4eab-43a3-b61f-8d2cd60c490e,745c88c7-7529-480c-888f-76bc80659c16,General culture food exactly.,5,2024-03-30 03:22:28
de4cf341-9d4b-47f6-aa52-234e08fed853,944a849a-6f65-4263-810c-8a53c83b3031,6f0361cf-0c01-47d9-8e70-469990232019,Goal yet may their mouth each while cut.,5,2024-10-06 21:34:48
9d678fbb-fc83-4176-b3af-7d544c549d5a,18bc1af0-d67a-4051-8986-50ac6273d07a,1980fcb7-68d7-47ad-8b2a-11a997f90b00,Fill Mrs base expect Democrat as.,1,2024-03-18 11:48:48
b466b00c-202f-4092-ab59-3fe3a5ec22e3,f2827af4-d1d8-42e7-b094-5ae2f399c002,9d98980e-3795-4bc0-9c85-fac29d9ec243,Here raise then law door section notice far.,1,2024-07-02 09:14:42
23a1fa7a-22a7-4120-8fb2-b5bbc784148d,944a849a-6f65-4263-810c-8a53c83b3031,9cdabfe5-4986-4cb4-b564-5ed65d1c196a,Themselves through station.,2,2024-02-29 12:10:34
ebf6e30d-4eee-4ebb-bf5c-58a9d1e504c9,2860160d-8fb1-41a0-91d7-f2b6d232a87b,e810f976-e8ad-491b-8120-b0cc14546b14,Degree year base sit executive.,4,2024-03-05 17:52:51
834855ee-fe33-439e-ae0a-f8e01a53b048,7d47353f-7d5c-48b2-80f5-b6924b1a0cd5,70dcc249-8d59-4287-bba7-d548fc76860c,New along west off believe seem despite stop.,4,2024-01-02 06:12:30
36693228-9ce0-4e29-8818-ced53216ca00,7be8a5ed-3097-4fb4-a15f-d52d29418fda,1e5dcc82-efcd-45d7-ae93-35df475ce64b,Item relate Mr red.,4,2024-07-09 12:00:43
5fcf8072-79f8-4b5e-b47a-74ba02ba4fee,8d2826ab-6bac-450c-9b75-fe90bfec8d4f,ab667638-c8dd-48a6-b071-100f97a76316,As guess discussion determine director thing what national.,5,2024-05-22 02:59:39
be02d960-d88b-48f7-bd8e-fdc12ad309ae,1f8e99ef-e0cd-4411-a5bc-372d8c99d20c,8c19b433-cdfb-4a5d-b838-aac053d2e77f,Debate perhaps accept issue firm center.,1,2024-05-11 00:58:08
b730f1db-b0db-4619-bdb4-12179da25208,e4e1b97b-bf3e-4c2b-a60b-ee6d56f9e673,7f3104b2-1550-4017-ad0b-4d8efcf9bab3,Push send parent young animal.,2,2024-08-25 00:30:07
974e1390-725a-46cd-8d45-7e5be6ea1198,3f8e3b48-4a61-4563-96ef-790d1be2b592,c46b3648-ee90-4658-86e8-e9ce9bcefe04,Figure have worry everybody.,4,2024-02-29 07:34:56
ed7b58ae-e822-4d51-809b-d07b9a9c4008,20de5718-1c05-4eaa-a8df-472c966de469,4394dfe3-7b67-4582-bd99-ff3250c50f03,Nearly recently blood explain stock.,5,2024-08-24 21:13:01
197e0c78-c6e6-4b3b-9172-e84c61d1f8c1,47b2b019-181f-4ea1-b9ad-33ee7ba9b73c,3dfcb51f-bc4c-49c4-ba00-35b5ed048e0c,Save assume spring best campaign care hand.,1,2024-01-30 22:54:41
ebc8d180-d4f9-4850-a54b-74b374e0d906,a177f2e8-fe4c-4233-b68e-5be61f4183d3,3174b2dc-c465-47e8-8504-af5cbf5faef9,Care almost method.,1,2024-03-04 17:14:21
4847d59c-a025-4d42-a808-0c27992ee781,f3890e66-79bf-4b49-baf2-8bec2c8f5593,ab053a75-e2f5-4d73-9a84-aa9861ed5b00,Pattern because word that where.,3,2024-08-20 03:26:57
c28e2d23-ffcc-4aac-9535-f5a04e631d51,89c49b25-a3c1-4291-bca0-2fa99cc193e3,a87f4767-1bf8-4436-919d-7e9f3ad10814,One recent history strategy then where.,2,2024-01-07 17:07:06
909c7f9a-e480-43dd-b800-d23c41a626ee,36a0588b-5509-4223-bd16-26d98c2a4e96,5ccfdbf0-8404-4a04-b24f-121cb63a5241,Career candidate letter scene center modern charge.,3,2024-07-24 11:48:53
ed86f345-5118-4461-9977-7056a8b9b140,40847f18-99a6-417a-9215-cf002fadab4b,95e6a64d-398e-470e-9762-97f4fd459f84,Suggest thing tree whole leg head during.,1,2024-02-26 01:55:40
0cdc00da-314c-4777-b6fd-7b01fe219a26,b9382992-d746-43e5-b28e-1076574d5a26,715db16e-406e-4c7f-bf1f-a1caa7a72e59,Hit yes future join policy.,3,2024-09-08 12:26:45
57b5504c-b58d-40d5-8f06-78fa5f38f706,b16254fb-2e0d-4345-a677-8254e56380c5,7e16ae66-f123-41e4-bcfc-60aa774b94f0,Whatever unit build hospital.,5,2024-01-31 00:59:58
d3bd6ed6-3128-41cb-bcbb-aeb39e262465,2954d95a-66a9-418f-b5b5-4fc04360b9b8,df1361d9-5ce4-4785-9ab2-aad7dc351918,Top subject into moment former push.,3,2024-02-26 05:38:54
66e86e02-d182-4f11-af38-cdd2ece4145c,bf2fe4e3-ed36-4ce3-9443-d8b83aca9205,4ce71203-6899-467a-84ed-61e957d878ac,Group pull low.,4,2024-04-30 02:06:42
2ffc16bd-8ee7-467e-a2d6-441874e75085,91422068-364c-4ccb-80b9-da2c91866136,62c741a8-ef60-41be-bdf4-f8d7834f8361,Join try key discover community however.,4,2024-02-27 01:03:08
a9357aa3-60c0-415e-806b-6050b8e6dd95,36cc4219-0504-4559-b562-2b4f7dc499d0,0ef6ef52-bd04-4dda-9e78-a629d97ce05d,Politics face court important case.,1,2024-02-27 17:11:02
02cfd5f0-d347-4282-b853-6a8e41e9c994,169cc0ea-8e36-4b35-aa87-d95c7e5dd9d4,1e5dcc82-efcd-45d7-ae93-35df475ce64b,Really small sort however source best thought assume.,3,2024-03-12 09:20:31
2187774b-7cde-4401-b534-a29bd80a281c,577c18ea-7df9-4a6c-808b-e7d936468e71,f5e7b518-568e-49f4-afde-df2d4f55b18a,Rest friend with second black someone.,1,2024-07-05 21:30:58
f26f808d-b0b6-4919-a9f0-f5fdfa811efa,15f8ce18-bc9c-47ba-bb7b-4afcedd54b40,912ff399-3cc8-4f25-a2ef-17c3b9940e73,Hope recognize fall win.,5,2024-01-21 12:01:01
1cdbc485-bfe8-49f3-9e26-a61989013ccb,6680ca0f-d3d0-4e99-b250-63a3a635ff2d,62c741a8-ef60-41be-bdf4-f8d7834f8361,Fly your prepare behind help.,5,2024-09-03 14:00:58
f861f5c6-e5e7-42ae-9665-7985fea0d02f,db14f6b3-c0b7-4716-bfe4-f5577ef39aed,bddaa4bf-2039-4d62-b3cc-98a290d1190b,Enjoy consider share school reveal professor theory report.,3,2024-09-17 08:59:16
8ebc8746-b326-41da-99e2-920b70c3fc8a,25069bd7-8880-42c3-8d24-1f1767fb0929,5e4c02a8-69d4-42b6-b603-75c59eb3c54c,Determine work kid bag.,2,2024-05-31 14:51:40
6ced0071-959b-49a0-8a78-c31e078f6a93,4efeb65b-82c3-4660-bdef-2dc2b19c854f,1a12d382-f51f-4da4-90d7-638fe00842c9,Purpose ball upon yet all maintain style.,2,2024-08-16 20:40:49
1d35b759-918f-49d3-8e9f-3f1f7da9b916,54eef010-b5cf-402b-be8c-edeac8ad4514,ab2fe7de-aec0-4592-ac49-70def240450e,Hour fly memory purpose arrive.,1,2024-03-24 13:35:25
b9ba03ef-4861-47de-b75d-8af38a4b1ac2,e0abaedd-c5d5-4f77-8f52-b225d24e4bb1,4c074304-2a0b-4c93-8694-ded54e6f1407,Doctor space first forward garden decide.,3,2024-05-22 15:07:03
40f55161-1efb-49c3-874a-d26daf32b126,b3926852-a44f-4830-992c-c78b45c34061,e810f976-e8ad-491b-8120-b0cc14546b14,Issue language region note loss worker.,2,2024-02-22 09:35:34
4cfbf59d-94b8-4f87-8c85-757d94bdda21,56d5bdd9-9899-42b3-9859-85f2cff04200,cf716420-a184-42a4-8d02-7461ace4f9c6,Strategy health behind book pressure go.,1,2024-08-15 06:49:09
9784218f-5e9c-45aa-8af5-46f947fcc9ea,c62f69ec-4c8f-4be7-a150-b6efa20c1253,beedc455-3f8f-4a8d-9cd0-b427a401e87c,Someone miss each cut his six.,4,2024-05-21 12:13:11
c6c32216-4a8a-40b3-b45f-92729bf3aa76,37538a25-dfa3-40b2-b302-2af16e06fd12,717fc5b5-35fd-4de4-be67-3cd1f748218a,Might particular others star write general fly.,4,2024-04-28 14:30:52
6d23a5de-45c3-4ca7-9210-87de572d7707,7be8a5ed-3097-4fb4-a15f-d52d29418fda,72bd8df5-c25b-4413-9516-5c141dd7846f,Our near base stay.,5,2024-01-18 14:05:36
bdfb8976-3506-4dde-ada6-ae36f11cee20,b5f0b6fe-bde9-4518-b9b0-00fc643cebd3,2df4fcc0-bb72-47a3-818e-5c79ffec08aa,Rich without three member skin.,1,2024-07-08 18:45:01
0f968f52-8154-4bd2-b11c-f1c94fd98d60,e0abaedd-c5d5-4f77-8f52-b225d24e4bb1,7230ad09-5d7e-4b2c-acbb-94d6517c39d1,Remember hair old fact even us.,1,2024-09-15 18:21:58
fe578447-d76c-462d-aef7-8530159e5d1b,7a1531f2-31bf-4ba9-aca1-8ecdd051ff5a,6a2e9185-75ce-4998-af58-6eed8c1ee363,As break tough describe goal husband painting government.,2,2024-09-03 12:31:47
2cc58549-e783-4c0b-af3f-ba911275c2e4,c1e41a45-05c7-4102-ab61-af1eb8296f14,5ccfdbf0-8404-4a04-b24f-121cb63a5241,Sign model produce three player drive.,4,2024-06-12 00:26:02
b67e84a5-f0cf-494f-b980-35058ff6844b,36729e6e-c9f8-4d35-9997-f8935e78c424,614fba6f-cc68-4724-8288-4907209eb2fd,Point book song people.,3,2024-07-19 19:38:04
f4e3baaf-37ae-4bc8-bf85-60969b6e3fc8,170e480c-52ab-43c2-ac6e-312190642c32,c004082f-f4d1-4fe1-8a15-1c8178c69ff1,Opportunity yourself meet less down difference fact kind.,1,2024-09-22 04:39:46
148ad70b-9996-45c1-a3a9-46e77000cf28,9e1c03c8-1123-465c-bd84-174dd3177303,b1d6b1bc-c410-492e-99cb-29bda397f6e3,Long true carry western heart decide.,2,2024-03-28 09:00:14
6af142fe-a28d-46a8-b740-26aa67aba752,057499dd-1839-49fd-bc74-22fe672d761f,05b64964-27e4-44f4-b32b-e9d25acb06c9,May whom entire authority.,3,2024-10-02 16:42:08
c8316838-ff47-46d1-a8e9-97688ac46500,4296d8be-8ba6-4345-a0bb-93a07374a4da,6cb0a71f-7cb3-4c4e-90f0-504b6a92edd9,Everybody apply billion.,3,2024-07-29 16:43:07
732089f5-4033-4c60-8a3d-52ee0ff044f9,4772ed6f-d939-4c84-881b-7634c92701e1,adaf5bc6-0ea0-462b-9306-aee284dfebd8,Amount without production role.,3,2024-07-01 04:43:40
3a39d12a-efc3-4bbb-a125-f38d05265c7c,40847f18-99a6-417a-9215-cf002fadab4b,308a5ae6-1ad7-4f64-8530-1fa340cbef5f,Crime personal turn foot assume.,5,2024-01-02 05:53:02
3a1aeded-9db1-4117-bd8c-da80d7dd0439,37538a25-dfa3-40b2-b302-2af16e06fd12,3a1ffa5f-5026-4591-b20c-bc735dc57c29,Water interview firm first star can.,4,2024-04-21 20:38:05
dd39230e-29b4-4dd6-b544-c9340588f6d7,4f5931ff-daeb-4af6-b83a-a66903d8ef7d,5c8d5ac6-3cb8-419e-b9f3-4b292a527cfe,Hundred hit sell language.,1,2024-01-08 16:13:01
885e6c9c-74c0-45bb-9544-0c5c35b64cd3,3838a3ce-508c-4030-9e70-480be422a7bf,d69b1d7c-9d98-431b-8fc0-10fc902edfa8,Rise certainly it left.,3,2024-05-28 02:30:42
4f07166f-018f-4cec-82d3-1f43de6bb6e4,83674bb2-ae95-493d-8309-e5ef990be4b3,ab2fe7de-aec0-4592-ac49-70def240450e,Peace page police exist specific back major.,5,2024-10-05 08:10:03
b2879121-2f3d-4b5a-8927-5d2c82f3558c,18bc1af0-d67a-4051-8986-50ac6273d07a,20e95a22-805c-4276-bb81-875c3c53f98c,Deep about deal clear just night least.,2,2024-06-03 05:22:13
ea20e023-104a-4f4b-81a3-606645281918,31f54a48-5c15-4746-ab3a-f663368a3583,8d10fc5e-f7d6-490c-9e63-60a6c2d0c1a9,Want indicate inside red use.,5,2024-08-07 22:31:06
b35614e4-c94a-4d94-a600-9af63f5a6336,f3890e66-79bf-4b49-baf2-8bec2c8f5593,70b8bbe2-c292-4064-b8a9-fd87e9941371,Six pay I because consider.,3,2024-10-04 05:44:47
7aa17d4c-f002-4ae2-9d6f-6974f6a2d789,b7a65242-e7eb-4916-9c98-083f710fc232,9bd78994-a133-4636-85ac-5f99e691b754,After exactly region.,2,2024-03-28 04:09:13
4e638d7b-e0c9-43d8-ad61-aa739c367075,ea47d8ed-3167-41df-bc9b-5c2a4e31f09a,8d808cbd-e983-46d3-a07b-35211d969580,Day since learn young power I environmental.,2,2024-01-23 02:01:09
5f603136-5274-494c-8a01-cdcb26ecd131,4f5931ff-daeb-4af6-b83a-a66903d8ef7d,776a47af-230c-4eb5-a76c-e12ff7953908,Role begin bed model nation back.,3,2024-05-15 04:24:09
288d3520-1e83-429a-a182-2da6ea631339,20de5718-1c05-4eaa-a8df-472c966de469,3a1ffa5f-5026-4591-b20c-bc735dc57c29,Which goal hand suggest voice people.,4,2024-06-22 08:55:59
940e58e8-d21c-4e34-851e-b8a8908da3ac,d57afffd-3422-499f-8619-b89a8e6fd062,f1bdbc5d-44f0-4499-913a-205b839170f2,Turn determine senior respond skill receive.,5,2024-09-29 19:25:18
2391423c-d266-4cf5-b225-26c2a1781fae,5189fdc0-6ddc-4e47-8f30-5aa724533b46,7c3f9789-7b23-49ab-8010-03c64922f8ac,Student perhaps let call better relate.,1,2024-03-06 03:32:11
b7be3626-5189-4670-8cd9-dc207da40f69,6f279ef4-dee4-40f1-8b9b-61452dfec39f,5ccfdbf0-8404-4a04-b24f-121cb63a5241,Professor let ground pick approach improve writer.,2,2024-04-10 19:02:42
7718fc2c-0bca-4b5c-92b6-a4911084752a,389a8c10-5ed3-4dcb-b471-1a56dda67a6b,4a6947e5-d730-46ab-a011-52dedf7c8abe,Spend state continue want perform trial concern.,5,2024-05-23 14:46:34
bdc252fe-fc95-4f29-923c-dfb7a7b9e2af,df8df501-98fb-46f7-9c0c-5b0d33ce6fec,7f3104b2-1550-4017-ad0b-4d8efcf9bab3,Use strategy remember contain explain.,2,2024-05-01 18:44:39
f422e3f7-27ea-4816-bb63-cffef73fe7c0,1dfdbae7-7baf-4afc-b6f7-a8d678e66fc5,cf129eed-eb42-4bb7-b9fc-cc1c584ff7a5,Check film area magazine board better eight.,2,2024-04-17 01:14:36
4f1d9ebc-8ec0-4f86-9b1a-45db43b1044b,f05105a1-0334-4eb9-b2a3-41967a80a6df,0fa786d2-b4a3-4d22-874d-a24c96f4ef2a,Site day current long surface force statement.,1,2024-02-05 12:10:02
1fdd568d-a14a-4792-9071-a1f16f9eff5b,f05105a1-0334-4eb9-b2a3-41967a80a6df,04eeb467-f8a7-425b-b1b3-3b8f96660b30,Himself stuff between in investment.,3,2024-07-12 18:07:57
d02a9c88-6e76-4cde-8f81-6a75bd6f90d9,17d71c94-33d3-4094-a54f-90ae00f8dacb,39e6e896-87df-440a-b713-53f2642bbadc,Off tax suffer many she standard.,2,2024-02-13 10:54:55
5276c119-a85c-4753-93f1-beae28deac20,0048c136-5884-4047-9a60-51a371777908,ad8eeac3-7e67-48c0-b136-07c7c572b85a,Show pattern boy assume market.,1,2024-08-05 08:53:38
f2cfa942-3fc8-4235-a92d-16487e01cd55,68163c74-c799-44ec-a581-8fc4888d32c3,ab667638-c8dd-48a6-b071-100f97a76316,Avoid figure per rich beat generation.,2,2024-05-16 23:56:45
1d17ef97-e3f2-44be-a401-4dffce6907e1,0e379dc4-101e-47e5-91a9-58276d2ef7ec,b189c0e5-fc60-4d38-bdc2-3d5b3f8ef0de,The because growth reason smile.,3,2024-04-24 15:40:10
b9ae28f9-886a-4f25-8828-7a24fa53a728,8b2a0520-3960-4083-beed-3be9a3a84be4,776a47af-230c-4eb5-a76c-e12ff7953908,Prepare radio wait pull.,1,2024-04-04 07:50:59
e14db1d7-a83b-4f4a-8850-5985c8b79c9b,08c91fcc-d65c-4397-8b31-d49d3a5e6709,5a504de2-cfdc-44da-b6ae-476053fdc86f,Note nice effect everyone life.,2,2024-08-12 10:58:35
20468de8-06d1-4514-8bca-c07b2a6c5238,30565c61-0577-4208-b18b-0616103431bc,04eeb467-f8a7-425b-b1b3-3b8f96660b30,Sing call every.,1,2024-05-13 16:28:06
ae10b09a-bc6f-4707-9875-fb4f9251e68c,f0661c93-17fa-46ef-b03a-212916e0ef43,9aca9688-d5c2-4810-96ca-e075270f143a,Teach town poor manage election whom public.,5,2024-07-02 07:56:13
0f639d0e-5528-4024-af75-3e5093977dfd,f657fbed-bd42-48a7-99dc-74d1bd1f1a37,72bd8df5-c25b-4413-9516-5c141dd7846f,Seat new wind security.,4,2024-09-04 23:10:15
48385674-0ff7-491e-be73-9f122ed9af8e,b9382992-d746-43e5-b28e-1076574d5a26,6d591353-682b-4c6a-9367-2feeeae4f8b9,Likely according participant management.,3,2024-03-29 21:21:09
1671765b-504b-41a0-b31f-2f5b33e16b54,1f904d82-95ff-4655-a896-5ba43b651ba6,831a870b-9ac2-437c-899e-939015b274c6,Arm benefit evidence.,5,2024-02-08 04:30:12
ee764d75-d141-4dfe-b794-eab4ee952cad,18bc1af0-d67a-4051-8986-50ac6273d07a,ef08e24d-05f9-4ae0-910b-0aad774f20e1,Color these during participant all response suggest near.,5,2024-02-23 20:36:29
5fd311c6-3883-4bcd-ae21-1265c2a3fff2,f419a008-6156-496b-b96f-3cd3812290b5,5c8d5ac6-3cb8-419e-b9f3-4b292a527cfe,Might agreement base break.,1,2024-05-10 19:34:30
5df4cd86-36ad-4fd6-bde8-f5e7f6b02ae4,36cc4219-0504-4559-b562-2b4f7dc499d0,33376891-31c0-49d5-befd-ba4eee6b952c,Share green contain low forget attack focus raise.,3,2024-03-27 20:23:55
d4a8d6d1-e339-4b4f-81ce-e1d1fdd31478,180c0f2a-12c8-4fc5-8bef-f334c0a4ff7a,33376891-31c0-49d5-befd-ba4eee6b952c,Attack point daughter it general author old political.,4,2024-09-21 11:15:24
02228755-af31-4fc6-9876-4831f911734e,30565c61-0577-4208-b18b-0616103431bc,40903c29-0c2b-487f-b74f-3756733bdf57,Mind small second goal put.,5,2024-07-23 05:36:04
84a28ff7-e73b-4519-9f0b-10dc11f18709,19a2af2c-5405-4d64-8259-1a630e051f1e,9c984823-47ce-478e-8945-252be606179c,Stage indicate spring approach job power out.,3,2024-05-14 07:51:24
2aff8ac3-2eb4-4cf6-b14d-7e91ce397e3b,89c49b25-a3c1-4291-bca0-2fa99cc193e3,c74033b6-5f36-41f6-a581-fa1480824fbb,First education talk wait line.,4,2024-08-18 13:17:13
62cdc175-b291-48d6-9e28-bf0ac1e8388e,0330709b-8b85-48cc-8403-b5b12b23a853,beedc455-3f8f-4a8d-9cd0-b427a401e87c,Hotel able by that.,5,2024-04-16 16:04:48
0bd5910a-5d7d-491e-bb2c-0bd0b666252b,67834a30-cdd6-4a1f-8931-c095440fbfb3,4a80b75d-202a-401b-8881-946ec5ef7255,Early clearly street letter.,5,2024-06-27 15:52:15
8187533a-53a4-46b2-968e-ba71030221cb,981232ea-e112-48ac-b939-46a232bd8c07,317a7f31-43a4-4741-8a12-eebb2237bf62,Billion exist senior position process.,2,2024-03-14 15:03:27
36e683b0-54d4-4c31-916c-3244567a49ef,b519694c-4c02-4197-9614-e5a83a070ff0,f737b457-4389-4eac-9f9d-6c9b4cff78ce,Day data wait current need finish court.,5,2024-07-05 12:09:27
786eb73c-b431-409b-80c6-d3edf1911d7a,47491882-5542-4117-90e9-179063d0c20f,b566e910-2c7c-4867-a83b-0815f54da7dc,Age report campaign compare eye tree do.,2,2024-02-17 22:12:55
eb6b5e9e-aa29-41c9-854d-ed4fb17c1f9b,1021d8bb-72fa-479e-a5a3-123c498de371,8c19b433-cdfb-4a5d-b838-aac053d2e77f,Experience first a bad heavy cold.,3,2024-04-04 09:10:06
ad6ba0b3-50ba-4d52-a798-fcc7c02f93e0,a80ff85b-6c15-41f7-a1d9-b283b7536db3,0a6a03b9-ebb9-4c3f-a646-020175df74b7,Tend daughter service bed.,1,2024-06-17 19:11:02
238bf8d9-d6cc-4520-b210-456e12f4ea2a,7165e35e-76f7-49e5-a810-aebc8677f1a8,b566e910-2c7c-4867-a83b-0815f54da7dc,Kind avoid Mr side model hair.,1,2024-09-10 22:41:47
094e3fe5-dc3d-4692-8794-249b07881b00,89c49b25-a3c1-4291-bca0-2fa99cc193e3,ebf392d0-b3c2-45dc-89e3-4907860e61e5,Middle man look station perform picture address than.,4,2024-05-03 10:33:26
ffcc6cde-17c9-4150-8f85-bc0d2ae0819d,8b2a0520-3960-4083-beed-3be9a3a84be4,2a31c0a3-18db-4cae-9465-a517e00c4528,Recognize important explain spring soldier media.,2,2024-07-26 03:47:22
cda84bf4-ecb2-4829-9ac8-32b41a0e5fe8,1cda4e3d-571f-44d7-aa36-acf0d3a75785,1e5dcc82-efcd-45d7-ae93-35df475ce64b,Policy get foreign speak.,3,2024-05-01 18:56:19
953ff05a-ce85-48e9-b94f-743d1fc602e3,944a849a-6f65-4263-810c-8a53c83b3031,0e208555-f08c-4e0c-8fde-ddfab3189055,Staff environment plan baby between.,1,2024-10-07 02:32:05
cc4b452e-901c-4320-afe0-c2c1ca85e1fd,a80e06e8-ada7-4bb2-97c4-ece5ae1195ef,2a31c0a3-18db-4cae-9465-a517e00c4528,Service born remain network development cover.,5,2024-01-22 23:54:59
7f8645b0-bac8-4ae0-b7cf-cbfdc62e67af,4772ed6f-d939-4c84-881b-7634c92701e1,55d1896f-007a-4c22-a585-3f8e0770e795,Democrat although similar country.,1,2024-08-22 19:02:14
fe951c0c-5ce1-4b5d-91eb-6e103cf82ec9,7cfad1ca-5b34-43e3-95b8-6cb5eb8f14b7,62c741a8-ef60-41be-bdf4-f8d7834f8361,Million all decade do improve perhaps.,2,2024-01-19 11:23:48
80092c78-7ae2-4341-bf07-33f9fa03a0a8,b98032a7-8d4d-43af-b690-b8ad5845b9a2,9954e984-c5ad-413b-b9fe-8acab09918ed,Method start west gas per over.,2,2024-04-18 19:27:19
4976e706-e2c3-45b8-84eb-f055402ced67,69e8c085-83fe-41ef-920b-429ceab734fa,638023f6-c33a-442d-90c1-cf19d0e2ff75,Cause account clear send check nice.,4,2024-09-10 19:23:19
d7b73906-59a8-45f6-aaf3-b5bcb132ea1a,20de5718-1c05-4eaa-a8df-472c966de469,95e6a64d-398e-470e-9762-97f4fd459f84,By through sing phone different.,3,2024-07-12 03:27:39
8c0bd313-8548-463a-b196-6b52ff7dd3ae,85be0002-1127-4e6d-8f6d-1375a478db13,0939ab71-ce6f-466e-be94-951c8e4ca25b,Last produce him person edge.,2,2024-03-14 21:31:37
e3a2ef7b-fd66-450c-a6c9-5be63bee125c,9ba359d8-8870-46f0-9d66-ee93db27f0ad,8d808cbd-e983-46d3-a07b-35211d969580,Everything reflect town might factor quality.,2,2024-09-15 10:43:14
a2fa541e-c31f-42c6-9c5b-01acfa4e9ddd,91422068-364c-4ccb-80b9-da2c91866136,e810f976-e8ad-491b-8120-b0cc14546b14,Game future glass available when.,2,2024-05-07 05:45:54
b82ee342-5e17-49af-a796-8050f7a24560,b221a185-690e-478a-8942-068ac46dac70,0c20b0d0-5d3f-41df-bb12-9603916ae4ae,Here forward treatment.,4,2024-01-27 12:07:41
66ef8fb8-ea24-46b7-9ad5-ff42e606c4c8,f3890e66-79bf-4b49-baf2-8bec2c8f5593,ed0229d9-3228-4376-a41a-c0f461411a2a,View look give.,4,2024-05-25 22:45:16
ca76528a-8528-432c-a8ba-fa9474bdac13,9cbd3325-625b-4a3e-b237-bb564d7b71ee,93bfd779-e81b-4b46-bf03-8505fdde3e28,Direction sense health country exactly north tell specific.,3,2024-02-26 11:30:28
7b79c3d3-8aeb-4e18-a576-34454cc1bd6e,6b35324d-fcb0-4897-b6cf-a08c8e7432dd,3052cb5f-bf66-457b-9a24-0a57bc55de29,War oil recently then condition hit.,4,2024-01-03 21:01:23
64511600-6d09-401e-a42e-106ca82f3f73,8b2a0520-3960-4083-beed-3be9a3a84be4,053aa77b-eb86-4825-b00a-0d7c2c28bdfc,Activity deal drop successful for read prepare.,3,2024-01-24 18:48:44
b497fa09-fe35-4314-aac5-fb69e80bde3c,d6c02fda-3e0a-4eb0-9ba3-330473c964e0,76820d12-47fb-40a1-989f-141bd8aae76c,Staff federal daughter east hope.,3,2024-04-15 11:59:34
d54662c3-e78f-4215-8409-2239391a3781,a7de20c1-142b-408b-9aea-35d936d130a3,808a925b-10cc-4d90-b14f-5ef1945980e9,Place report new already magazine standard.,4,2024-05-24 05:10:36
28935e3f-4f0a-49d5-b713-93432a0f1f50,f05105a1-0334-4eb9-b2a3-41967a80a6df,f40d29d4-5b43-46ad-a1ae-b2d2dcb5a01c,Mission yard policy behavior do run however.,4,2024-09-11 18:21:52
e7a4d5dd-1f9d-4bbc-9990-b8c7ee8cba24,30b2752c-92b4-44c5-a7b6-0837a05d1b5a,e03c0f37-c473-4f54-84f9-e16ed5a5e1f0,Else meet right together herself.,4,2024-02-15 14:20:58
42999806-9e15-4a0e-8eec-1e2cacfdcef3,f87d3dcc-f95c-4d1b-a66d-1831d54f04cb,75b8fa8f-452a-4647-9519-40e66ad14467,High early war some weight message.,5,2024-09-24 14:12:26
597b33dc-ddb8-4b6d-ac0c-0ab6a0a83bbf,7cfad1ca-5b34-43e3-95b8-6cb5eb8f14b7,6cb0a71f-7cb3-4c4e-90f0-504b6a92edd9,Window serious decide upon.,2,2024-06-28 06:26:31
b44b0022-2635-40cb-8e1c-b250b48bca35,2d48b737-7d90-4165-8dd7-e0629b0fc8b8,33376891-31c0-49d5-befd-ba4eee6b952c,Allow happy thousand voice.,4,2024-08-15 17:39:52
1a7ac7d1-817c-4b77-87de-b81c2dfdfbde,00e6d574-3b17-4770-a811-8ee54b7c9b5a,c07dbf68-19d9-4f2a-9a99-d364f2258f86,Stop professional their truth standard fact.,5,2024-05-13 05:30:51
f2fb1570-8299-45bd-93aa-b3c4cb6a3beb,8d42a834-5e60-4b5a-ab2e-fcf5bfd2a9ec,9d0fc57a-84d5-4703-a549-56200a38231a,Interview see despite nothing because individual choose likely.,4,2024-03-05 02:18:20
2edff835-97eb-454c-9ff6-a5afde89bacf,b572af98-2bdc-4c2e-974b-4dc443433496,cb33fcfe-ccfe-48e9-b5ad-a64b619ca9ee,Strategy indicate life.,5,2024-10-08 01:04:18
bc9fa7de-99ef-4f85-a4fa-ff2b308a3783,47491882-5542-4117-90e9-179063d0c20f,3052cb5f-bf66-457b-9a24-0a57bc55de29,Wait Congress assume summer cause be.,1,2024-04-26 10:37:00
7eb9350b-ae79-4a68-989e-c0511f6045e3,bf2fe4e3-ed36-4ce3-9443-d8b83aca9205,0fa786d2-b4a3-4d22-874d-a24c96f4ef2a,Identify these into any start oil house.,5,2024-01-20 00:09:00
4457af8a-5d95-4fad-83c6-6038a5874102,ebeb8b48-157b-4f08-aca3-4f3183c7475f,745c88c7-7529-480c-888f-76bc80659c16,Growth sell model shake take anyone middle.,4,2024-08-29 15:08:31
47fde156-64cc-4f84-a4a4-8855ce7b49d9,8664597c-cf15-4945-b248-05004bee05be,e53a8c3c-234c-4e8c-868c-1d6e8d5335a6,Arrive vote pretty star art.,2,2024-08-22 18:44:41
62a509e1-71ed-4b84-9004-6b56092d2145,981232ea-e112-48ac-b939-46a232bd8c07,4fb4453a-300e-419e-9103-e2de05c8213e,Economic what group level young charge option resource.,2,2024-02-15 23:40:13
eb9b0118-d657-4e14-be04-1e40c04b24ea,c3a63cf5-671c-4a76-bd1c-6b51307dc69f,caf04c87-97f3-4c18-bb7b-3aaade5757d5,Old account soldier charge.,4,2024-09-11 20:39:41
c53c1cd2-4c28-41f3-a94b-86f555d5153f,9fc51392-6421-4c74-a383-c518c2c88cc4,bac8733c-2fbd-486f-933d-d0564ed69cc6,Institution million second sea color how personal.,2,2024-09-16 05:28:29
3d023691-104e-4ee1-8888-2bafb0f456d7,27237f3d-bdc6-43c3-8ccc-d57cecf70d37,9d98980e-3795-4bc0-9c85-fac29d9ec243,At pull ten sea possible four blue.,5,2024-08-23 21:51:33
f7536c7f-4436-4508-adbf-92755aab1d42,08c91fcc-d65c-4397-8b31-d49d3a5e6709,3a6a71b3-ad77-46fe-ac1d-286ccae42b9f,Yes eye population generation.,1,2024-09-10 02:35:45
992df7df-a034-4619-b468-d328decb98b4,8b2a0520-3960-4083-beed-3be9a3a84be4,0bc2cf36-a72e-4ba1-ab3a-bfe6828eff74,Thousand upon especially realize heart test together.,2,2024-02-04 02:22:02
6e357ebe-5769-413a-8acd-c0cb0f6ce344,36240c57-2225-4519-9e60-8cf349e6a48a,519e1dcd-85b8-4c1d-b81e-68039a3c24c0,Career clear kind.,4,2024-07-18 06:52:31
71563296-ae53-4754-b8ff-1720bcf8e262,1ec55240-880e-4f8d-ae59-233f47427c80,b1d6b1bc-c410-492e-99cb-29bda397f6e3,Authority such president small.,2,2024-01-09 21:32:45
7f3a210c-e1d3-45a4-972e-93fc4154eb3a,01c8a965-4eab-43a3-b61f-8d2cd60c490e,3a1ffa5f-5026-4591-b20c-bc735dc57c29,Wear policy grow key medical great.,3,2024-02-06 02:15:55
db20b605-6dfe-4f6f-931e-ca27a24947f0,6680ca0f-d3d0-4e99-b250-63a3a635ff2d,a2d1d603-3c65-4280-8355-1c9599d8d080,She smile story parent.,5,2024-06-22 08:29:41
d5d9a421-1c00-40ad-bc4d-07e66ee1e588,fb532911-457a-4ced-be58-f7ded1d86d30,bddaa4bf-2039-4d62-b3cc-98a290d1190b,Quickly PM adult later.,3,2024-05-07 18:28:02
46b7a9a3-970a-4b14-a609-5ce44b8c217d,8935902b-d376-4e57-b4aa-84971e8847b9,6ef0eb0c-8ed2-4486-b0e1-2ec228d09ef4,Also firm such have walk officer back.,1,2024-08-07 10:41:18
8b304022-cddd-4eca-8823-03f27b3276ad,080219e1-4957-4cc8-b45f-885ef9776ef0,0e208555-f08c-4e0c-8fde-ddfab3189055,What hand rather economy bad.,1,2024-03-14 17:58:05
eaad2dcc-d405-404c-a312-b27d319eb810,f0c472cc-37a3-463a-8a40-870dbbf8d175,9aca9688-d5c2-4810-96ca-e075270f143a,Indeed sea though force stock stand.,5,2024-02-29 11:51:29
1dc3b7c5-b610-445c-9249-df69674d6fe2,ad3765c1-6ccb-4e36-9025-cffa435a5501,62c741a8-ef60-41be-bdf4-f8d7834f8361,After section yeah exactly.,1,2024-02-27 21:47:05
dd186000-7a4a-49a5-9009-91424c28ee04,15f8ce18-bc9c-47ba-bb7b-4afcedd54b40,d95de6a6-f395-42a7-bd4b-985978f862c7,Season boy of summer main.,5,2024-04-27 13:04:22
12900aee-621d-4dc2-86e4-82af10b49a38,ce2cda34-76bc-4461-ab8c-5b996f2fc0d1,ad8eeac3-7e67-48c0-b136-07c7c572b85a,According parent recognize will hand blue likely.,2,2024-04-05 03:02:20
39a1c5f8-df69-40c6-aaa9-0bbaac9697b1,aa0202ae-832d-4eab-96ad-047c0ab791f9,d6b18741-8718-44aa-ba80-2bfd5dc52007,Over test her third someone.,2,2024-09-14 13:22:19
a4f47563-ccfe-47e0-ab08-b8c5b6b15b9d,07ba6121-1474-4413-8118-0ef3dced6bc7,39e6e896-87df-440a-b713-53f2642bbadc,Speech risk score culture.,3,2024-01-23 19:52:40
0c724b30-4eb6-47cd-b957-285b869f079a,1ec55240-880e-4f8d-ae59-233f47427c80,5fc4dc69-72c0-44a7-bc8f-125b655375b5,Strategy sport west part what happy start animal.,5,2024-02-12 12:49:53
bb793b3e-030c-4f70-99a5-ec260eac3c26,dd8ab2f4-ea7d-468c-b3bb-e693c85e8628,715db16e-406e-4c7f-bf1f-a1caa7a72e59,Talk for world.,2,2024-08-02 05:01:21
ecbd64e3-355b-442b-94f9-257f7671ec34,3e659b72-ecf8-49e3-825c-7c7d9b7e6255,099c2f2e-132d-4209-a3e8-93a622bbcb8a,Point sister stand her sell.,3,2024-09-25 03:05:04
48656386-6727-4d53-8157-01d294cb8b72,31f54a48-5c15-4746-ab3a-f663368a3583,0c20b0d0-5d3f-41df-bb12-9603916ae4ae,Kitchen him Mr music ok them value allow.,4,2024-01-19 20:09:01
f074725f-fdf0-46f6-ae55-66a20497ff16,ebeb8b48-157b-4f08-aca3-4f3183c7475f,ab2fe7de-aec0-4592-ac49-70def240450e,Entire few form born source.,3,2024-02-07 12:03:56
dd72db94-8726-4ca9-977e-781a88c572c4,9263d92e-486f-4653-9ad0-567a4dae96e6,1980fcb7-68d7-47ad-8b2a-11a997f90b00,Science price set.,3,2024-06-09 09:03:28
1b943c58-6842-4d4e-b795-234feb5e2f21,55735544-aa66-46a0-b25b-5ad241bc37e2,7de0c0c3-fffa-4db9-b9ed-a863fc8520bf,Star administration herself glass off ten I.,5,2024-04-03 02:20:48
