_id,title,description,duration,contentUrl,department,createdAt
07720090-2f6d-48cc-ae89-1de35d6440a7,Out campaign clearly.,Cover yet quickly rest stage represent off movie. Town this listen apply.,78,http://frederick-jacobson.info/,Therapeutic radiographer,2024-07-23 18:38:28
3dfcb51f-bc4c-49c4-ba00-35b5ed048e0c,Again then suggest turn.,Reduce safe lot grow occur east argue. Relationship little foot pick.,123,https://www.rodriguez.com/,"Education officer, museum",2024-07-04 01:30:49
9c984823-47ce-478e-8945-252be606179c,Something several something address.,Sound decade family lay. Goal party bed radio. Middle rock bring wife in strong give.,170,http://www.williams.com/,"Engineer, agricultural",2024-05-12 12:34:07
164d16cc-4396-4fcc-a1d8-07ceb27fdaca,Set environmental about really every.,Line medical stop item character high visit. Southern score picture direction eight attack win.,105,https://www.chan.net/,Radiation protection practitioner,2024-02-24 09:35:03
f5e7b518-568e-49f4-afde-df2d4f55b18a,Determine organization data finally.,Medical team live catch will option claim. Rich father very cultural read. Machine movement apply skin people sea authority.,109,https://www.may.info/,"Radiographer, therapeutic",2024-03-14 05:25:44
0ef6ef52-bd04-4dda-9e78-a629d97ce05d,Today really instead.,Newspaper with develop the physical. Partner social about address.,44,https://mcneil.com/,"Engineer, water",2024-06-01 04:28:04
a145d2f7-c953-4f31-870d-f9760198d599,Can can effort value.,Take commercial enjoy exactly thus ask. Argue herself network style.,112,http://www.collins.info/,Systems analyst,2024-03-16 11:44:30
6cb0a71f-7cb3-4c4e-90f0-504b6a92edd9,Major factor middle program.,This price remember but this poor. Which dark control real art. Good may per music type us.,109,http://www.thomas.com/,"Engineer, agricultural",2024-04-20 17:21:27
0f778133-5eaa-41a3-80ff-5394fe142bbb,Under parent on as attorney.,Someone action bit box oil since fund. Image knowledge member long religious. Challenge through almost boy commercial edge usually.,47,http://lee-patterson.biz/,Air traffic controller,2024-04-19 10:31:35
8a3e7216-ef7e-4520-a6dc-4fe3983565aa,Chair test she my might.,Month factor behind billion situation. Until pretty major must.,46,http://www.boyle.com/,"Investment banker, corporate",2024-07-03 18:33:20
43c642e9-0424-4f0d-8ef0-20ff1e678606,Occur join rate decade form red.,Public one late. Goal again improve fact step carry. Later partner machine authority market. Technology clearly south next.,41,https://james.org/,"Engineer, agricultural",2024-06-01 20:15:59
1cc52194-2493-4c08-ba8b-6d884b579476,Area floor control surface religious item or make.,Training minute animal analysis. Region through boy indicate experience room. Probably law test money throw government Congress.,103,http://jones.com/,Hospital pharmacist,2024-06-06 07:03:19
c74033b6-5f36-41f6-a581-fa1480824fbb,Much sort food again late ability morning attack.,Production from important. Cover loss able ahead sit marriage whatever.,176,https://davenport-nash.com/,Community education officer,2024-09-26 12:59:48
d23ba437-c8c7-47c7-ab0c-5dae12cdfac2,Edge wait source fly low president.,Protect soon budget really civil local community. Center unit especially star development character. Dark east pressure no carry item in difficult. Score tend language blood site.,55,http://www.lewis-hanson.com/,Production engineer,2024-01-01 03:40:56
3d28899a-11e0-4b4e-9d0c-3432e2646bf8,General region art exist inside on.,She believe major note under.,110,http://www.clark.com/,Freight forwarder,2024-08-22 03:53:36
f1180809-2d97-4649-8e4e-e4445d8f3a09,Not marriage third charge husband wonder.,Exactly when hair. Know result at especially. Everyone success want cell series exactly market war.,161,http://davidson.org/,Early years teacher,2024-02-23 09:08:02
4151bd10-a279-45ca-9fb3-22f31ac2c4f5,Along drug sell exist our box.,Offer happen cause deep understand.,153,https://www.perry-harmon.com/,Product designer,2024-09-29 00:06:32
1def0b56-a5f1-4d5f-b6d1-08be15e7b112,Foreign middle full pattern.,Project recognize half than yet. Example whose themselves term.,66,https://smith-barrett.com/,Biomedical scientist,2024-09-11 10:19:59
e1d9e80d-ca28-4430-92af-46be632b238b,Bring street travel half.,Prepare lead often soldier staff right parent. Whole research evening garden many health of.,44,http://mcclure.com/,Archivist,2024-01-04 21:02:44
bdd7e0ee-938b-4a64-b945-2ca59fe3bf34,Deal voice pretty everything window catch day animal.,Public order security myself. Simply enter beautiful while century position source.,92,https://www.sims-cordova.com/,"Engineer, chemical",2024-01-28 10:23:42
0c5cc539-c6bd-424c-982c-bd07dcc21f28,Half phone try material police.,Might indicate four know affect. Girl tax effort identify free expert read let. Respond likely follow that.,143,http://nichols-hammond.net/,Immigration officer,2024-07-18 09:56:52
0c20b0d0-5d3f-41df-bb12-9603916ae4ae,Bed consumer site similar.,Line decade ask out the well. Budget his apply grow sign.,66,https://mann.com/,Software engineer,2024-06-04 07:49:34
1ac8395c-b906-46a4-8338-38c2fcada8c1,Goal it word assume career state picture worker.,Experience even born visit low realize admit. Tend difference today yeah traditional. Prepare common important ready by discuss.,97,https://flores.org/,Editorial assistant,2024-05-25 18:19:07
b566e910-2c7c-4867-a83b-0815f54da7dc,Short outside benefit citizen.,Body Mr move common share. Physical upon beat successful seat simply.,88,https://www.petty-shaw.com/,Technical brewer,2024-06-28 03:54:15
59450334-7b46-47ce-a3f3-988b5e6d9d45,But amount organization oil.,Throughout herself mind. Get region contain occur meet. Thousand the tonight.,80,https://parks.com/,IT trainer,2024-04-10 16:32:47
5e4c02a8-69d4-42b6-b603-75c59eb3c54c,Actually kid member.,Science most government street report live teacher. Huge question government page every wish. Certainly watch notice should music.,142,http://www.patel.biz/,Civil Service fast streamer,2024-01-13 14:26:58
cbb42a99-ad51-43a2-9c1a-09400fb402a1,System sort sound between.,Subject write dog in someone run free marriage. In always window house purpose tonight even.,171,https://www.pittman-chambers.com/,"Conservator, museum/gallery",2024-08-17 13:35:59
da51d3c2-750e-4b97-af22-4a3aadad80a1,Professor simply art support short environment.,Lead on worker show certainly way page address. Situation business fast hold than nothing. Goal team when unit.,31,http://www.allen.com/,Tax adviser,2024-06-16 21:24:06
745c88c7-7529-480c-888f-76bc80659c16,Provide reach despite build coach worker.,Change teacher certainly kind fact. Consumer relationship beautiful sit present task tonight. Break opportunity include suddenly.,41,https://jones.com/,Production engineer,2024-05-29 04:07:29
2710141b-3312-49c8-99ba-51d7ed701eb7,Sister quickly shoulder choice evening on say.,Car collection usually thus clearly forget. Threat our end his so.,117,https://www.stewart-perez.net/,Education administrator,2024-04-18 02:17:47
6d78e58d-46a3-4ce9-a57b-32e1eec145ce,Determine person practice whole some.,Rest skill traditional guy discover. Know our drug. Parent not wind full meet. Operation cell hospital drop.,111,http://thomas.net/,Sales executive,2024-09-16 14:10:21
218a73ba-299f-4b09-a680-d9b102310015,Question truth million whose direction.,End sense still environmental argue. Data site bill opportunity model learn official. Bank responsibility light voice consider sort different.,148,https://clark.biz/,"Engineer, energy",2024-10-06 03:09:42
6d794f6c-6772-43a1-95c7-ff6c8f3a9acf,Modern Mrs score.,Since with want. Eat miss really short. Send response hit ask school military appear.,97,https://www.taylor.com/,"Scientist, marine",2024-01-07 20:47:15
1bde7c1b-805a-4820-a17a-cb22cd91e36d,Anyone buy authority music decision.,Reality produce water hundred month argue. Consumer beat she southern dark. Smile radio able gun reach other occur. Page unit page sometimes people board.,110,http://brown.com/,"Accountant, chartered management",2024-04-24 19:26:49
099c2f2e-132d-4209-a3e8-93a622bbcb8a,Eight wrong trial successful debate store.,Together minute everybody day situation. Admit field woman then majority address player find. Begin discussion crime piece keep value western push.,161,http://www.downs.com/,"Secretary, company",2024-05-02 16:12:44
7d013992-f704-4912-9a84-a5ef54b8617b,Meeting feeling box produce fine sea nothing.,Billion agent social process oil husband blood.,71,http://www.peters-cooley.info/,Theatre stage manager,2024-09-25 17:42:03
110579af-053a-47ef-819b-563ac7a4aa73,Within rule actually could.,Official page class explain stage. Heavy series in clear plant seem none detail.,58,http://www.higgins.com/,Personnel officer,2024-04-07 02:32:51
8bc008a2-7730-4bc9-afed-e95407d93ae9,Summer current south activity west report.,Matter according property either building husband. Friend theory public such film discover word. Year special happen expert away table agent.,157,https://pittman.com/,Chiropodist,2024-06-13 19:40:15
537bdee8-4b9d-4bf2-b6f5-fdcea535b368,Leader film current organization challenge change.,Week perhaps describe seem. Inside some reality describe rest degree while.,54,http://www.mcmahon.com/,Hospital pharmacist,2024-03-06 11:19:25
084ad76c-6d22-4135-8957-368673be9a2b,Suddenly one kitchen worry tree.,Job plan follow focus. Imagine address myself sit discussion.,174,http://www.munoz.org/,Mechanical engineer,2024-06-04 17:46:42
e3b6abef-98ee-4483-9f6f-2f3348c7ed4c,Camera history center wait.,Throughout direction throw scientist lay get. Me movement report difference. Statement movie political article exist example forget.,141,http://mccormick.com/,Arboriculturist,2024-07-04 21:02:44
8c9fa071-f0da-4ff1-b183-4fbb8d2bb46b,Work style effect task race interest trouble.,Effect trade enough rich store. House animal audience in surface. New stock yet city.,145,http://hernandez-cook.info/,Medical sales representative,2024-03-26 23:26:45
103a0e21-77af-49f8-a699-526cb464a595,From stage technology.,Tend deep beautiful make side friend left really. Shoulder hand catch quite here. Sure sit they keep air. Police middle much usually concern.,35,https://martin.net/,Primary school teacher,2024-08-01 13:12:04
8e3a9adf-a296-41b2-90d3-04e2b492f699,Look table pretty sing message eat those new.,Election room consumer range begin lay. Couple deal better information century chair.,136,https://www.bennett.com/,Photographer,2024-06-26 13:00:27
7f3104b2-1550-4017-ad0b-4d8efcf9bab3,Life partner morning smile middle close almost miss.,Pretty soldier quality night. Reduce rest week. Just boy dark risk money common administration.,63,http://www.ferguson.info/,Insurance underwriter,2024-04-13 13:13:17
0c73c995-e99e-4458-8288-7e47af84fc6e,War approach information success answer.,Rock serious property thousand us suggest series. Live church add laugh continue.,92,http://ramirez-fleming.com/,Systems developer,2024-04-23 02:42:16
614fba6f-cc68-4724-8288-4907209eb2fd,Work across animal this return.,Until wait indeed hospital we. Inside television air past.,32,https://www.brown-small.com/,Chartered public finance accountant,2024-04-11 02:01:00
0f26ce1e-a254-42da-92b9-3d4b8453ef9b,These weight mention but religious ago management.,Bar conference continue attention response imagine. Record rich art radio teacher attorney. Likely lay information likely eight. Make among girl.,103,https://gibson-robbins.com/,Charity officer,2024-05-19 06:53:06
4cd121d1-1dd3-4de2-a4b9-b3b3ec3566d4,Court season production raise management yes.,Term despite gun throughout. Itself land teach sport choose. When practice and.,140,https://glass-taylor.net/,"Production assistant, radio",2024-02-11 01:44:27
5ccfdbf0-8404-4a04-b24f-121cb63a5241,Cause others hospital population information.,Century she audience husband begin. Few prepare arm role teacher leg stock.,73,https://www.sullivan.com/,Manufacturing engineer,2024-02-04 22:45:06
0939ab71-ce6f-466e-be94-951c8e4ca25b,Tax develop expert.,Admit sell color across still series why ability. Land rich series play certainly sign.,148,http://www.jackson.info/,Forensic psychologist,2024-09-20 03:09:18
1980fcb7-68d7-47ad-8b2a-11a997f90b00,Specific success candidate.,Congress idea manage her last enough grow. Realize then figure whom least.,151,https://evans-ellis.biz/,"Engineer, production",2024-02-08 12:26:09
d8548605-06b2-40ff-8f74-0a6db84bd0ba,General friend rate eat.,Society entire nature. Dark little little tough bank.,74,http://saunders.org/,Clinical cytogeneticist,2024-02-11 10:05:41
03dbbaa4-9867-4c91-a4b0-5236b56672ee,Say whose quite why explain career.,Everything will plant source. Wrong write cup bag.,171,http://white.com/,Amenity horticulturist,2024-02-26 17:17:21
0fa786d2-b4a3-4d22-874d-a24c96f4ef2a,Trouble finish wear stay record left item process.,Eight treatment set skin actually. Guy sound travel protect eight. Water care big service thus.,130,https://www.wolfe.com/,Theme park manager,2024-03-10 20:04:35
1a12d382-f51f-4da4-90d7-638fe00842c9,Wide tree world benefit.,Move offer collection top move two open.,106,https://www.carter-young.com/,Information officer,2024-05-21 04:04:16
f40d29d4-5b43-46ad-a1ae-b2d2dcb5a01c,Trial left director crime capital computer exactly.,Story evening individual run whole realize. Follow itself to though stage strong. Significant suddenly season serious carry whole cup note.,167,https://huff-johnson.net/,"Engineer, production",2024-06-01 06:18:52
40903c29-0c2b-487f-b74f-3756733bdf57,Heavy general discover place.,Always guess team those agreement create challenge. Per civil executive common charge black. Brother evening himself watch catch outside and. Person others along letter remember hard few.,141,http://www.davis.com/,Agricultural consultant,2024-06-12 10:00:53
9d847c26-4907-4749-8ac0-533743dc931d,Hope summer several.,Everything give person thought according second without. Near imagine pattern enjoy million nice defense.,167,http://www.martin-johnson.com/,Product/process development scientist,2024-06-30 21:02:11
72bd8df5-c25b-4413-9516-5c141dd7846f,Garden knowledge word show.,Light clearly magazine kid cell. Remain road plan offer consumer surface. Man type level development science strong.,121,https://www.edwards.com/,"Engineer, maintenance",2024-04-10 18:15:03
1068c042-65c1-4ae5-b336-5f23b789395f,Your ten gas drive quality benefit company give.,Idea operation radio remain Democrat cultural. Low difficult trip town instead hold difference.,117,http://jones-giles.com/,Public affairs consultant,2024-04-20 03:18:50
4c074304-2a0b-4c93-8694-ded54e6f1407,Range capital system personal administration join.,Close call sign. Growth article key senior. Smile serious law check brother police water.,100,https://carpenter.com/,Freight forwarder,2024-03-04 12:17:48
ab667638-c8dd-48a6-b071-100f97a76316,Few a ago herself yourself somebody husband.,Provide rich choose continue difficult eight hot. Feel board bit military actually century teach. Others friend central new loss.,123,http://harris.com/,Hydrologist,2024-09-23 12:37:29
93bfd779-e81b-4b46-bf03-8505fdde3e28,Since impact become police new you move.,Production ahead sure how available clear job. Girl country experience ability act sport push. Her report set gun.,160,https://www.molina.com/,Risk analyst,2024-05-31 04:13:50
c46b3648-ee90-4658-86e8-e9ce9bcefe04,Choice difficult worry likely big tell imagine.,Amount prepare walk piece. Central they summer serious in between. Lose billion check animal way child firm.,153,https://howard.com/,Rural practice surveyor,2024-01-24 13:01:58
528e87e6-0737-444b-881e-fa9b0a1ff4a2,Thank someone tend action various need.,Safe force western among. Only significant use move. Face suddenly and far trial sometimes save.,95,https://www.page.com/,"Engineer, electronics",2024-06-18 12:00:31
eb33530c-14d1-4cba-88b6-a44119939aa7,Ok woman want sing cultural.,Suggest on natural miss morning sit argue next. Some bill would add director space sign. Surface former tell record. Player room from.,175,https://www.evans.com/,Environmental health practitioner,2024-03-04 03:56:27
ab053a75-e2f5-4d73-9a84-aa9861ed5b00,Will performance keep alone dinner professional.,Great often coach such others. System strategy white need local director.,65,http://www.scott-chen.com/,Higher education careers adviser,2024-06-17 19:12:43
04eeb467-f8a7-425b-b1b3-3b8f96660b30,Act try structure media part.,Message house true. Hand citizen tax new stock respond owner.,149,http://www.spencer.biz/,Economist,2024-07-06 05:55:02
e5113008-6c39-434d-a41c-08b0884369bf,South upon material with may tend.,Wrong president might really family compare perhaps. Much society off yard. Major change PM teach figure.,98,https://www.kerr-rios.net/,Trade mark attorney,2024-03-21 20:47:31
3c45cc47-6599-43df-b134-2b25d89fb6c8,Price Mr center.,Specific when real weight they red. My couple happen hospital stock. Blue expect threat trial plant. Thank eat black significant discover imagine throughout.,54,http://www.simpson.com/,Farm manager,2024-06-20 07:00:02
28dd6377-235a-4a8e-a20a-eb87591822d2,However help but.,One blue society peace build Mr interesting executive. Understand trip huge family quality for although author.,121,http://rodriguez.info/,Insurance account manager,2024-07-03 05:10:55
268f011f-2af7-4223-b14a-6151e360ee6a,Pull conference increase century growth half.,Believe city early scientist power performance relate. Different three rather fight ten more.,101,http://hicks.biz/,Homeopath,2024-04-03 11:49:47
e53a8c3c-234c-4e8c-868c-1d6e8d5335a6,Process along face final sound.,Success new town lose. Leg clearly important dog play.,89,https://www.hamilton.com/,Biomedical scientist,2024-09-22 13:38:10
e15f6527-3762-4829-9cac-5042f187464b,Word mother finish sell discuss.,Adult site after turn economic center summer. Discuss try mean before.,123,http://gilmore.org/,"Administrator, local government",2024-01-16 15:38:48
8291b03d-62b7-4f1e-834a-ad0c39ddfefb,Minute use hot tell be continue have.,Behavior next any sit. Maybe us chance in may. Hair behavior stage guy. Surface win indicate reduce write hour learn.,100,http://www.larson.com/,Higher education lecturer,2024-02-21 05:43:47
29b3789e-0676-42e5-9014-a8d5b7db2b1c,Information guy positive account.,Data country word assume production according.,82,http://www.taylor.com/,"Presenter, broadcasting",2024-03-02 14:17:50
ee45109a-0fd2-47fb-a06f-710b7fa35795,President leg later plan.,Already onto free benefit middle out. Price produce always recognize successful short push. Need debate forward ability billion question food.,172,http://galloway.com/,Information systems manager,2024-09-25 16:39:26
f737b457-4389-4eac-9f9d-6c9b4cff78ce,Measure wide generation party become enter.,Use often economic resource dream when.,152,https://www.hogan.com/,Sport and exercise psychologist,2024-01-15 16:31:46
7de0c0c3-fffa-4db9-b9ed-a863fc8520bf,Instead outside community parent.,Oil summer worker mother certain popular may.,145,http://www.hernandez-horton.com/,Sports administrator,2024-10-03 01:18:26
d95de6a6-f395-42a7-bd4b-985978f862c7,Girl wrong perform no kind.,Design individual far center possible because. Happy series who yeah expect among explain.,113,http://lynch.com/,"Engineer, civil (consulting)",2024-01-15 08:03:27
afb078f3-2dc5-4973-9f60-ab87008f8ea3,Situation bit fall stop girl bad.,Executive professor amount wonder raise stop industry. Somebody ability line ten gun choose war use. Common back feeling scene black medical.,111,http://www.williams.com/,Regulatory affairs officer,2024-05-08 02:07:03
61437777-233f-4822-b32f-907c80021e33,Partner describe something daughter improve clear health.,Than in into election. Attention above run.,82,http://martinez.com/,Ergonomist,2024-06-04 22:04:13
2c89f10d-b8e7-499a-a046-308b17ee76e5,Quality each statement pretty second involve clearly personal.,Likely rate its. Respond who might public then.,115,http://www.mann.net/,Conference centre manager,2024-04-17 19:13:39
25365b92-cc1d-4678-b252-95fd14d1bb2d,Statement issue gun four general dream store.,Sister baby commercial rule mother agree to remember. Image technology kid particularly statement scientist perhaps offer.,147,https://www.harmon.net/,Ship broker,2024-03-21 10:59:17
a8916973-eaf1-42ab-bed1-25db5834138f,Character price view attack student study under.,Hotel section investment per visit under. Couple just just way include full talk.,173,http://www.scott-lopez.com/,Telecommunications researcher,2024-05-11 06:13:04
c004082f-f4d1-4fe1-8a15-1c8178c69ff1,Spring security with involve these cell another.,Seem window sure force leave well response. Dark country local recently. Stage involve full authority.,135,http://www.leblanc-rodriguez.com/,Further education lecturer,2024-05-28 12:48:01
b12eb733-3a75-421b-b2e3-596fb502775e,Change type national provide born imagine.,School author consider fast off live third why. Nor group record to. True foreign have school. Environmental certainly couple hand player whole.,124,https://www.robbins.com/,Veterinary surgeon,2024-05-10 04:06:50
e38a6911-438d-4c98-b9e4-13c115762441,Opportunity lot office focus artist actually role.,Large future performance hot news step professor. Left special newspaper environment evidence style.,94,http://www.miller-smith.com/,"Scientist, product/process development",2024-05-02 00:02:11
0319f197-19de-47fd-ab52-70e2a9dd1b1c,Purpose method class fill film.,Catch per inside audience tax not modern red.,79,http://www.nixon-adams.com/,Operational researcher,2024-01-29 17:36:05
b3cdeaf3-9c9b-446b-8ca0-b6608d298767,Media establish we feeling operation civil current.,Treatment majority know trouble continue. Rest human reflect each possible big.,89,https://www.jones.org/,Colour technologist,2024-01-01 04:06:15
af3a5d59-b152-4d21-8c0b-339b455a3f33,Reality speak rule blood send discuss wait.,Suddenly more whatever street finish Mr. Picture which ago form.,111,http://www.mason.net/,"Accountant, chartered",2024-07-31 19:20:20
bee40079-39c3-4e0c-9bf6-138a71c3b542,Recent type allow own.,Quality garden break quite street news want. Team final air future trip. Situation raise then role moment number way.,81,http://bernard-wells.biz/,"Designer, fashion/clothing",2024-07-23 23:50:28
8c19b433-cdfb-4a5d-b838-aac053d2e77f,Pick fear up future myself charge do ago.,Down toward through entire within consider good step. Attorney better skin measure mind left edge. Fact visit important nature investment.,141,https://allen.com/,Art gallery manager,2024-05-29 12:12:17
8d8a3ac2-c195-4f54-a7db-ca61a76a31f7,Enough professor data strategy serve.,New continue much. Board strong theory standard.,143,https://hughes.com/,Sports development officer,2024-05-03 06:55:17
3174b2dc-c465-47e8-8504-af5cbf5faef9,Suggest wish yet lot strong method.,Difficult especially pretty finally artist begin card. Than protect green song.,35,http://www.mitchell.com/,Fine artist,2024-09-29 03:03:29
cb16d80c-8530-4fbc-a117-bb9b4deaca0f,Test rate live sense food.,One traditional into town continue upon sort. Drop design hair size safe back.,34,http://www.miller-miles.net/,"Surveyor, rural practice",2024-03-24 02:31:59
3052cb5f-bf66-457b-9a24-0a57bc55de29,Significant event civil claim tend guy note.,Century chance individual condition discussion American eye several. Quality policy affect check sure good necessary act.,148,http://www.summers.com/,"Investment banker, operational",2024-07-10 03:15:36
2e20255d-a136-49d2-9a03-975739694dc2,Establish job price reveal.,Religious class ready instead study. Money cause bag who.,64,https://bennett-williams.org/,Chief Marketing Officer,2024-01-14 13:38:11
b27396a0-58d0-4447-8f23-53d8e8902e18,Marriage friend reflect performance student doctor democratic.,Because blue present. Require station human dream.,43,https://santos.org/,Government social research officer,2024-01-11 23:03:32
35664305-e8b0-4793-96cf-1d750442d24b,Well hospital share realize coach.,Raise machine there inside history past. Deal relationship agreement. Security hold for Republican sure trade focus.,134,http://juarez-patton.com/,Investment analyst,2024-06-16 15:43:56
f5128c51-d8e8-4617-b7fd-72c0cc15878d,By company cultural total social.,Magazine heart sound.,140,https://www.sosa.com/,Agricultural engineer,2024-03-01 16:46:53
b1d6b1bc-c410-492e-99cb-29bda397f6e3,Social throw upon return air.,Child record practice world thousand lead rather. Relationship better heart fire.,92,http://www.robertson.com/,Medical secretary,2024-09-10 16:27:39
0c68501b-0eec-4693-bab9-2ed96619e15c,Her statement my center how east.,Industry option public attack. Tonight catch nothing operation attack exactly. Morning leave little woman you crime half.,123,http://compton.net/,Museum/gallery curator,2024-02-07 14:34:33
9bd78994-a133-4636-85ac-5f99e691b754,Red and travel around either.,Mother each southern family difficult sure begin. Coach note agency his agreement right. Performance live life many part reality stand. Goal garden risk crime.,113,http://ramsey.org/,Personnel officer,2024-07-30 17:52:45
715db16e-406e-4c7f-bf1f-a1caa7a72e59,Middle north mean drop.,Picture above wear none dinner card blood. Feeling question quality authority. Cold certain from notice evidence.,40,http://www.henderson.net/,Senior tax professional/tax inspector,2024-07-12 03:55:02
4a80b75d-202a-401b-8881-946ec5ef7255,Stock hour factor recognize behavior.,All data this method line clearly successful police. Next consumer size capital course. Inside garden sort recognize.,151,https://mejia.info/,Aid worker,2024-01-13 07:54:45
b700f8be-c721-451a-a4e4-690eb4cffc2f,Defense approach network should continue effect.,Anything begin answer point. Sort long ahead.,64,https://diaz.com/,"Administrator, local government",2024-01-21 12:25:20
0c6b6d1b-f2dc-4867-8f2c-a1e2d5cca8c3,Method ready true receive big network.,Lawyer receive town line six alone still. Religious prove his organization purpose.,48,http://long.com/,Equities trader,2024-06-19 03:28:50
ad2ae16b-7988-45b4-9f8e-1d17e16cac6a,Who south walk president center.,Subject summer girl conference much thus million. Picture fear radio maybe. Evening clear stand season present.,140,https://cole.com/,Research scientist (physical sciences),2024-03-23 22:55:45
71653b83-a261-4e84-8ede-72ee6001d397,Majority pick ok crime sometimes country husband.,Enough increase director friend want part discover. Buy game between quite. Several financial couple head hair individual consumer stop.,146,https://wolfe.com/,Financial controller,2024-01-11 06:51:24
8d808cbd-e983-46d3-a07b-35211d969580,Billion story according word certainly lawyer hospital.,Rich common discuss deal they more fish ten.,160,http://hurley-martinez.net/,Bonds trader,2024-08-08 07:07:16
ae3bb18a-54c3-49bb-ad5d-d3bb7603dc1c,Data movie manage woman end democratic.,Whole federal pressure start employee letter it color. But deal heart chance fish minute cause.,114,https://www.glover.org/,Environmental health practitioner,2024-06-28 03:12:11
75b8fa8f-452a-4647-9519-40e66ad14467,Think have enter rock official hour often.,Affect expert week poor religious science. Morning table natural fish development yes. Certainly north series range.,133,https://nash-white.com/,Systems developer,2024-07-15 18:14:51
e03c0f37-c473-4f54-84f9-e16ed5a5e1f0,Might soldier same after.,Blue response control fine ground. My beat site north growth usually late career.,117,http://www.conner.com/,Legal executive,2024-01-01 13:56:42
a2d1d603-3c65-4280-8355-1c9599d8d080,Though resource vote within simply property leader attention.,Power least someone our focus evening. Stand value drive husband man. Allow represent wear own building.,161,https://jacobs-nelson.com/,Personnel officer,2024-02-03 13:06:52
88793b5f-f261-4dfc-aff5-1e13c6bebdd1,Trial oil hope few sea.,Increase with traditional buy us right ask compare. Far sure picture ago cold campaign most.,150,https://kelly-martinez.com/,Quarry manager,2024-02-14 16:11:18
20e95a22-805c-4276-bb81-875c3c53f98c,Generation dog value firm blue risk agency.,Tough create cut leader leader. Somebody again many one teacher its certainly. Every popular our eat gun particularly message.,33,https://wilson.com/,Neurosurgeon,2024-06-12 22:37:39
01ba5401-88d7-4125-ad5c-d52dbe2e8432,Recently when ball kitchen night could trial.,Let want morning want range. Really door street indeed age.,97,http://www.stephenson.com/,Building services engineer,2024-06-02 13:14:27
6ef0eb0c-8ed2-4486-b0e1-2ec228d09ef4,Sense couple recognize face tough system.,Because heavy politics relationship appear head. Thing range discuss air themselves social.,41,https://www.allen-richards.info/,Sales executive,2024-03-25 11:17:41
de60518d-ae73-4063-893e-d5b8cad8ebfc,Player these now future rest.,Population born religious design. Hold range have listen or.,179,http://www.bradford.com/,Theme park manager,2024-03-28 15:58:01
ee19c384-ffb7-4bc0-acb2-64e47c4a0bb6,Upon take cold become the success.,Role debate southern tonight. Some if nice worker husband.,128,https://www.gibbs-perez.com/,Metallurgist,2024-04-25 00:53:49
908778e6-53cb-4223-bf4f-555e7587dc99,Thing enter almost where.,Several early year send radio.,48,http://johnson-johnson.com/,"Engineer, aeronautical",2024-05-28 14:56:16
a87f4767-1bf8-4436-919d-7e9f3ad10814,Knowledge address same cut.,Congress listen prove quickly certainly public age serious. Politics send quality name left force away.,49,https://edwards.com/,"Scientist, water quality",2024-05-10 18:25:51
62c741a8-ef60-41be-bdf4-f8d7834f8361,Draw walk court her.,Director finally than view child. Anyone identify baby myself player.,149,https://jackson.biz/,"Geologist, wellsite",2024-01-03 20:11:49
5a48390b-56bd-463f-a558-d04c11e83b7f,Thousand ball religious together assume could occur usually.,Government last sure none. Candidate report process turn like there allow. Central clear administration make trade. Always break behavior plan else.,68,https://www.white.com/,"Programme researcher, broadcasting/film/video",2024-09-02 09:59:06
c25da975-8514-4efc-9b1b-5f18441a3854,Mother action whose method industry health reason.,Trade live much set team collection result lay. Enter also crime officer upon.,103,https://www.flores-anderson.com/,Land/geomatics surveyor,2024-03-30 07:49:25
b0116d8d-cbc5-4e5e-8e85-00d1db5f9587,Even indicate them.,Candidate head I attention hold according our. Fire soldier woman available worry community yeah. Air economic near ahead campaign under southern.,179,http://www.robertson.com/,"Administrator, education",2024-08-03 01:01:48
3a1ffa5f-5026-4591-b20c-bc735dc57c29,Guy fight at mission ok.,Thank and professional. Task follow top table score all control black.,156,https://burnett.com/,Town planner,2024-02-07 18:55:26
053aa77b-eb86-4825-b00a-0d7c2c28bdfc,Wonder past spring accept.,Language follow amount. South month debate with.,48,http://www.brown.com/,"Engineer, production",2024-03-24 19:24:49
9aca9688-d5c2-4810-96ca-e075270f143a,Include his night.,Value form discover memory eight end concern. Seek cold house hand physical threat growth test. Save because most increase smile box keep.,78,http://white.info/,Technical brewer,2024-02-09 18:40:33
4ce71203-6899-467a-84ed-61e957d878ac,East lawyer arrive investment television air.,Way measure kid animal hit. Raise water go wear.,98,http://www.cooper.com/,Copy,2024-08-19 17:47:19
73e9c237-3bd9-40ef-9fc0-42949d487f12,Upon available decade bar also him finish financial.,Medical hospital space clear song trip. Child nation arrive over say service see. Bar type writer employee computer tax once.,66,http://steele-santos.com/,"Psychologist, clinical",2024-09-05 17:37:04
1b7cc82d-492b-4fc0-ad78-0194d13c7e10,Tax skin order read interesting again indicate different.,Over north recently.,109,http://barnes.net/,"Engineer, maintenance (IT)",2024-05-03 01:04:18
9b245a2e-8b05-4f43-a801-4c9a6491fd6e,Talk fill pressure.,Drug above deal pattern. Little head interesting itself.,172,https://lane.info/,Manufacturing systems engineer,2024-06-05 01:07:42
d9de4853-bc73-446b-b96d-5fa45d35e3df,Want look bit why describe.,Begin major sometimes poor term off one. Image which west.,137,http://www.reyes-gray.info/,"Scientist, research (maths)",2024-01-11 05:49:19
7e16ae66-f123-41e4-bcfc-60aa774b94f0,Represent baby follow common identify stay.,Easy lot person far media if forget. Magazine stuff thought want affect.,103,https://klein.com/,Counselling psychologist,2024-05-21 12:56:26
d2d930de-11af-4981-a4f9-0f51b97b6032,Day large who wife newspaper discuss into.,Past ready power power yourself window. Though spend could role western as.,69,https://terry.net/,Hydrographic surveyor,2024-01-02 00:42:01
404f7b6d-60d2-4fe0-9969-37b420cc14f4,Bill picture white only suffer.,Family smile force. Oil many sing of any.,30,https://www.koch.biz/,Textile designer,2024-01-10 19:36:05
a47f421e-ff4b-4252-9889-308d6ae14eb8,Program him coach third.,Scientist region there reason party subject. Stand school door loss forget fall.,71,http://www.matthews-ellis.org/,"Surveyor, rural practice",2024-03-16 14:09:25
df1361d9-5ce4-4785-9ab2-aad7dc351918,Public figure that security.,Audience push consumer. Summer usually rest professional.,138,https://www.bradley.com/,Acupuncturist,2024-05-08 12:23:52
c07dbf68-19d9-4f2a-9a99-d364f2258f86,Matter near ball sell entire cell American.,Southern that kind senior let. Who positive newspaper various.,109,http://santana.com/,"Engineer, broadcasting (operations)",2024-05-24 12:58:44
ea1371f7-0df0-4fdf-917a-5cd99867dfc5,Already push much candidate.,Else benefit mention enter state. Work group partner knowledge.,107,http://www.george-brown.com/,Intelligence analyst,2024-09-04 07:30:44
aa50b43c-1d6d-40c1-a5b9-29bf2c562fd4,Claim television writer much.,Sport prevent they fish art success. Across though race many.,80,http://www.perez.com/,Commissioning editor,2024-02-05 15:41:56
ceb517d2-9daa-4429-af83-3d9518d2c645,Manager raise unit quickly then since history those.,Too drug particularly better travel quickly. Necessary three story story discuss season.,109,https://www.williams.info/,Textile designer,2024-09-17 17:38:38
bac8733c-2fbd-486f-933d-d0564ed69cc6,Word draw herself cell society.,Onto simple agency clearly soon weight care beat. Event inside another very view outside gun. Because ever key instead.,102,https://www.ellis.com/,Chartered accountant,2024-02-24 13:42:27
3ab3b4ec-de4e-4b43-bac1-f63a4eed201f,Deal history fill.,She Republican according special former remain health remember. Program strong and possible service certain through.,98,https://murillo.com/,"Social research officer, government",2024-03-23 06:53:34
4a6947e5-d730-46ab-a011-52dedf7c8abe,Question against guess project.,Subject have meeting glass environment political. At itself mind safe little. Blood color Republican key environment sea.,91,http://oneill.com/,Financial manager,2024-08-30 08:38:26
9cdabfe5-4986-4cb4-b564-5ed65d1c196a,Whom evening prevent dream east.,Husband outside keep conference as management though. Lose situation financial agreement general owner little. Administration sort nature fly morning.,163,http://mcdonald.net/,Graphic designer,2024-06-03 12:48:33
61e657a0-090c-45db-84ba-f24cf7c9d8e0,Sign current effect discuss physical society.,Dinner chance life college three. Kind gas end everything authority where piece friend.,38,http://good.biz/,Building surveyor,2024-03-15 22:26:32
c10308ce-6108-4a16-87ed-318d18ff9c4b,Newspaper woman poor.,Store while look arm clearly arm surface. Real change board huge then card way. Employee debate find two professor lot better.,42,https://crane.com/,"Pharmacist, community",2024-06-17 15:34:37
912ff399-3cc8-4f25-a2ef-17c3b9940e73,About raise couple address hundred.,Compare benefit remain. Participant since interview his.,90,http://lopez.com/,Acupuncturist,2024-03-08 14:46:02
69476d0e-94b9-423d-ac61-9c2934a6b468,Tend body more road force Mrs hospital.,Majority relationship decide argue two nice able whose.,164,https://jackson.com/,Civil Service administrator,2024-06-05 23:21:35
9021653f-2b32-4632-890b-b391c426b931,Story inside believe college dog.,Five outside company never father interesting building. Ago continue always their exist. Lot use follow indeed.,81,http://schmidt.info/,Records manager,2024-06-06 20:41:01
6d591353-682b-4c6a-9367-2feeeae4f8b9,Where daughter serious late democratic almost from.,Detail movie wife art particular black. Modern scientist where way case world money. Method police who avoid and.,138,http://casey-burton.com/,"Engineer, petroleum",2024-04-03 19:46:59
9954e984-c5ad-413b-b9fe-8acab09918ed,For process go best.,Newspaper take call use although strategy goal. Different threat eye energy health it.,58,https://www.white.com/,Psychotherapist,2024-01-31 06:42:53
efefc882-a394-45d8-b20d-ad8cc4b9e6d6,Management about radio president recent.,Particularly glass region pressure data themselves want. Oil Republican any. Mind represent floor resource.,92,http://www.osborne.info/,Airline pilot,2024-05-21 21:16:29
5ea227ae-6e92-4154-a7c3-adac3e8cf405,War couple college girl control least all society.,Long candidate campaign simple back his throughout life. Husband rock center spring mind new. Store major care wall.,105,https://wall.info/,Technical brewer,2024-07-21 13:46:06
6ccb4605-31ba-4ca9-9d2c-72ec6f40cab1,Example alone describe feel city control.,Step bed or dinner door drop north matter. Consumer instead edge scientist spring response two yard. Heavy garden lay. Society human discover executive evidence.,149,https://gilbert.biz/,Drilling engineer,2024-09-23 07:40:05
613015f2-2293-4566-a80d-6da0814a9c5a,Nothing bit nearly particularly.,Sound worry option big buy. Your church half democratic government every receive. Late only teacher we card color already.,155,https://leach.info/,"Scientist, research (medical)",2024-02-03 06:35:48
921ad094-5717-4b49-8e3c-3d7968f80bba,Strategy college need young meet court back group.,Team throughout save identify her himself half service. Nice pretty able week lead way.,154,https://www.smith.info/,Materials engineer,2024-03-12 18:39:46
4533259c-1650-4751-8f66-0ba288798f64,Charge rather unit event for cause.,Environmental stock recent consider throughout once wait. Front foot sense field. Should success listen themselves.,124,https://harris-hall.com/,"Teacher, primary school",2024-09-23 21:11:43
1fb94a5b-f78c-420f-b16d-70a43155d624,Without stage certain up sound whether.,Walk economic front. Our song claim ten.,116,https://www.owens-miller.com/,Technical sales engineer,2024-07-18 17:07:05
7d00d19c-7215-4532-b122-da2092373e71,Perform agency guy drive.,Year pay everyone bed create write speak. My safe beyond win. Recognize home eye water budget much easy.,120,https://burke.com/,"Clinical scientist, histocompatibility and immunogenetics",2024-08-29 08:03:57
cf9dc466-866e-44f4-981a-10989c49ab02,Shoulder morning fear marriage per relate tax.,Fill upon every drive piece. Among operation under trial. Clear my institution whatever term remain market government.,175,http://horne-chambers.biz/,Meteorologist,2024-01-08 16:47:03
97cf0f04-edb5-48fd-94c3-fb12ef20557e,Discussion career catch actually safe.,Chair senior thank most offer pull sign. Group above perform student particular.,133,https://lindsey-juarez.com/,Health and safety adviser,2024-08-13 13:56:22
776a47af-230c-4eb5-a76c-e12ff7953908,Social left challenge around.,Major report card prevent in yet. Shake chance specific series little hotel.,71,http://bradford.net/,Recycling officer,2024-10-01 03:54:47
71c16470-fe9a-4067-9d12-2a93b0b58ea8,Police build specific wall agreement red near.,Decision example thousand. Report fine common thank lose alone.,104,http://www.huffman.org/,English as a foreign language teacher,2024-01-19 02:26:42
b0a83c7d-1f4b-4c87-8f6f-1ae1934093c1,Gas down south necessary.,Teach second everything practice small in card. Structure war own ask blue before until. Ready drive process.,109,http://murphy.info/,Occupational psychologist,2024-08-25 06:12:53
d8030293-aef5-448c-a2ea-75a2b86ec111,Hundred under lawyer heart.,Parent itself people live carry success offer necessary. Right number time door card. Hope shake collection happen general ok man hotel.,105,https://parker-cunningham.net/,"Engineer, production",2024-09-27 04:08:37
5921845c-8196-4d59-8899-4b7cb053fd6c,Whatever program memory season.,Carry consider adult little your. Could manage president.,146,http://moore-ross.com/,Production manager,2024-02-27 10:46:12
308a5ae6-1ad7-4f64-8530-1fa340cbef5f,Marriage protect they story.,Task near time deep. Fill it activity evening. Structure whom left almost above hair crime.,44,https://freeman.info/,Emergency planning/management officer,2024-09-05 16:21:44
5fc4dc69-72c0-44a7-bc8f-125b655375b5,Part current former future believe note.,Law these lot your window wind. Group we strategy degree their. Brother few floor. Sport weight country site service around.,157,https://www.brown.biz/,"Buyer, retail",2024-05-12 12:23:34
9d98980e-3795-4bc0-9c85-fac29d9ec243,Month human international test across.,Consumer however any factor benefit condition look. Purpose say activity community wind less why.,103,http://www.ruiz.com/,Clinical cytogeneticist,2024-05-01 06:53:14
88bbd99e-5412-45a3-8089-fdd9862ce893,Mean protect compare student nearly day staff.,First strong owner value wrong room recent. Thought clear protect order avoid record country.,59,https://www.hill-walker.com/,"Psychotherapist, child",2024-05-12 00:09:26
7f4fcf21-c96e-4b19-b976-f8b10abf5765,Occur follow focus response somebody three church.,Along argue magazine network responsibility.,49,http://www.harris-garrison.com/,Systems analyst,2024-04-06 13:02:58
ef08e24d-05f9-4ae0-910b-0aad774f20e1,Realize grow great behind option place what.,Theory agree last wife avoid. Picture thousand yourself throughout. To think animal my hundred.,127,http://blake.com/,Land,2024-05-12 07:56:05
48036109-5036-4858-a090-de09756b1d62,Soon support experience commercial task.,Picture second collection husband study yes. Environment event house.,114,https://ray.info/,"Therapist, music",2024-03-05 10:48:29
e5da7866-474d-4094-9bd1-5bc137a825dc,City audience try water find page.,Occur college my front skill future win.,78,https://www.bond.com/,Chiropractor,2024-08-08 02:53:40
533e04c0-e28b-4862-902d-989fca1ae54c,Would carry recognize despite.,Manager kitchen local cultural exist.,142,http://hughes.com/,Museum/gallery exhibitions officer,2024-01-04 11:22:41
4778de39-5276-405b-bf35-d8e03f01c267,Tell floor performance organization per animal.,Answer after job parent. Do girl data point total tax. Weight soon fire benefit.,132,http://kim.info/,Research scientist (maths),2024-04-05 02:07:38
f275972c-7895-45cd-9aac-9916c926948c,Product century too finally car may.,Environmental follow certain name citizen throughout task. That small same.,111,https://manning.com/,"Designer, ceramics/pottery",2024-03-04 22:51:19
b0620ce2-aa6c-436a-a3a9-afc840e6b79d,Character list attorney social common political back.,Subject though statement. Decision writer deep really head. Near group across road this necessary common.,37,https://www.carlson-clark.com/,Translator,2024-01-04 23:41:32
adbb199a-56e3-4d4f-a33d-58d8f018cc68,Beat summer large group actually determine.,Majority perform test indicate record him. Their those executive impact card. Pressure themselves get instead thing assume.,54,http://smith.biz/,Operational investment banker,2024-07-08 15:29:11
4da93206-ddad-4e6f-85d7-a1478755fe3d,Finally local individual station difficult.,Plan fill face left. Far side everyone scene within her. Suddenly back admit.,95,http://wall.biz/,"Scientist, research (maths)",2024-05-04 02:57:18
925a65a0-0cd9-4770-b4cb-c85e1353720d,Control public myself indeed close explain.,Magazine decade raise loss. Wife participant ago she. Talk less Congress budget attorney.,98,https://pacheco-alexander.org/,Animator,2024-06-30 12:04:57
e41ae48f-df21-4543-a6f9-7629c0049e91,Model just tend share heart good.,Seem travel action against need woman happen. Suggest truth relate admit five best. Town red cost area attack.,171,http://www.duffy.com/,"Production assistant, television",2024-09-20 02:44:37
ea7c0530-12d0-4336-9600-cecb24df477f,Task former first gun.,Indicate its agent main include sound wait adult. Long organization appear be truth possible choice. After feel tree figure.,177,https://www.odonnell-cooper.com/,Mining engineer,2024-03-18 15:18:08
638023f6-c33a-442d-90c1-cf19d0e2ff75,They physical standard where.,Blood gas thousand should week deep record least. Listen red particularly doctor save also. Town prevent throughout alone too current. Low and these woman.,140,http://pace.info/,Control and instrumentation engineer,2024-09-04 12:29:40
58b77a5c-da87-498c-acf6-390423e1f86b,Say cost trip middle pressure strong.,Weight thank deep sort admit. Place move begin begin either cover. Pattern main whatever early.,42,https://bell-reed.biz/,Youth worker,2024-03-25 06:13:49
317a7f31-43a4-4741-8a12-eebb2237bf62,Treat story produce indeed wrong window.,Authority foreign buy far. Include share might range miss knowledge.,170,http://www.hall.biz/,Naval architect,2024-03-12 00:48:47
ca3fc4ad-c0b6-442d-8a9d-6bc5fa48f080,Couple really television lot.,Bill several speak. According cost official as before to student meeting. Meeting son main movement.,89,https://jones.com/,Printmaker,2024-01-25 15:06:36
a1c68c37-6c05-4eb5-9c26-bb0a18a54f1c,Likely travel experience through safe reality crime.,We care black dream start word. Race production style choose military name.,129,http://williams.com/,Careers adviser,2024-09-29 23:25:11
1021128e-8c51-43d8-988e-5c70af23405a,Subject call care unit.,Weight mother statement home particularly nothing. Until run daughter care also process.,154,http://www.mclean.info/,Waste management officer,2024-04-27 03:45:46
e200f2d4-b7ab-4103-9aba-7e1b79d3a0c3,Interest something shoulder major trouble per.,Never firm catch no various play couple than.,31,http://www.young.com/,Volunteer coordinator,2024-07-11 16:52:14
c415b14a-7856-41a5-abf0-0270adb031ce,Wish painting ready administration.,Cause author soldier trial left. What both street financial affect resource begin. All save college final environment Republican open. Theory fly help focus institution nice.,110,https://hampton.biz/,Records manager,2024-05-27 23:45:55
deba0c55-18a4-4530-9fce-f38bd4e3723a,Keep do ago ask kind process fight.,Computer draw true participant new effect. Record data still hit. Again its care.,179,http://www.jimenez.com/,Exhibition designer,2024-04-01 08:03:00
55d1896f-007a-4c22-a585-3f8e0770e795,Price common white choice.,Statement blue join itself stock politics middle. Small page anything somebody school factor charge. Point popular fine person technology.,149,http://www.kane.net/,"Doctor, general practice",2024-06-02 18:40:45
fbbb9fce-b18e-49a6-86de-2b94de75b891,Like product everything their surface.,For leader direction society send. Right special they step. Issue guess between answer help part event. Institution bad another film.,73,http://www.shaffer.com/,Interior and spatial designer,2024-07-01 01:27:10
23d3d5d8-819c-43e2-85e8-99d51a7bf078,Either their structure kind a edge us world.,Couple drive morning war. Town remember whether some now find least. Me fall task there night keep.,106,http://patterson.info/,Analytical chemist,2024-01-25 03:11:01
4394dfe3-7b67-4582-bd99-ff3250c50f03,Its case threat law ever couple.,Keep local project. Window suddenly indeed. Great somebody lead explain ten school dream.,61,http://hernandez-schwartz.net/,Mechanical engineer,2024-05-26 19:38:19
7c3f9789-7b23-49ab-8010-03c64922f8ac,Happen that camera generation type between fight.,Stay single score write morning rest. Professional fire cover lot relationship play.,94,https://hart.com/,Chiropractor,2024-02-21 10:21:59
5c8d5ac6-3cb8-419e-b9f3-4b292a527cfe,Strong among front left research father.,Key high quality that network. Anything human yes. Why chair left simple adult price. Myself economic form catch.,58,http://rose-novak.info/,Radio broadcast assistant,2024-05-28 22:48:46
ebf392d0-b3c2-45dc-89e3-4907860e61e5,Risk give eye address.,Send audience throughout several. Nice since need above. Analysis answer whatever hope.,180,https://www.jensen.com/,Animal nutritionist,2024-06-27 20:35:04
cb33fcfe-ccfe-48e9-b5ad-a64b619ca9ee,Like name hospital then.,Thus cultural choose young. Training form mention attorney. Night job need sell institution dream.,102,http://smith.org/,"Surveyor, mining",2024-02-09 08:45:43
380fa56b-688c-43c8-b801-d04e565b3577,Class establish tax whatever ask.,Food specific story matter account. End in course line pretty realize. Same kind program challenge wish. Company company agent beyond wonder control week.,87,http://www.murray-holmes.org/,"Engineer, structural",2024-08-27 20:44:48
b7786d31-ba04-4c82-8c6c-47e4e6e86250,Price fly each beautiful audience statement ago air.,Middle left prepare quickly particular. Score happy morning discover. Decide year main best world citizen community.,143,http://www.jones.com/,Education administrator,2024-03-29 23:41:37
51357c82-dc8e-4b6f-84ca-af863a1b2b8c,Million American onto box member to.,Produce budget today require believe inside. Wide situation move defense say occur.,84,https://www.rios.biz/,Magazine journalist,2024-03-28 15:25:57
3a6a71b3-ad77-46fe-ac1d-286ccae42b9f,White throw very.,Need account Republican. Price site ball hope after raise bring. Early identify ago report catch field again.,60,http://kelly.com/,Research scientist (medical),2024-02-18 23:29:15
90da74c3-e8e0-43a8-8c1f-c1862ba4c79e,Former church speech painting.,Bill director inside short direction. Safe story make college.,130,https://grimes-hubbard.com/,Operational investment banker,2024-08-28 02:53:38
6a2e9185-75ce-4998-af58-6eed8c1ee363,Right bad blood candidate.,He reach these nation spend. Work consider need look read floor picture evening. Report sit there chance address security response myself. Group five exist challenge air.,159,http://nelson-stevens.com/,Actuary,2024-03-13 16:49:34
57e1c227-075e-4a92-861e-a1b05dfc1913,Forget home point practice need run.,Yeah not discover thought act. Black my Mrs law bad should.,57,http://www.sanchez-cunningham.net/,Counselling psychologist,2024-09-29 07:18:28
8f3d711c-ff02-4944-8301-f94d78278895,Fact investment finish well table animal.,Exist contain offer why environmental hair over. Whole cell mouth none student finally question.,141,http://wright.com/,Advice worker,2024-10-07 15:02:11
76820d12-47fb-40a1-989f-141bd8aae76c,Get now material particular.,Cut that contain my guess population life. Force our doctor grow work human. System picture project chair bad.,130,http://www.rodgers.com/,Commercial/residential surveyor,2024-05-15 08:49:52
ad8eeac3-7e67-48c0-b136-07c7c572b85a,Water station simply ball.,Young business question step marriage structure cover. South southern what such ok meeting. Television moment number rise itself.,91,http://anderson-andrews.com/,Cabin crew,2024-08-10 01:45:10
9d0fc57a-84d5-4703-a549-56200a38231a,Floor than evening project policy.,Partner maintain lot many though difficult institution. Although have pick now. Enough likely light along.,38,http://www.price.info/,"Engineer, biomedical",2024-02-29 09:35:29
5c7e022a-297f-4bea-bc98-944e4da9d6c4,Goal report compare if consumer.,Enter several general up particularly skill. Go there expert chair matter goal cause.,64,https://santos-black.com/,Marine scientist,2024-02-01 17:08:04
3b0c69cd-614b-4e3a-9f7e-432b9f4c2ca5,Benefit everyone population product rest bed medical.,Team society bit message even man. Garden series collection explain serious. Section discussion economy wrong huge.,45,https://brennan-peterson.com/,Tourist information centre manager,2024-04-25 10:14:15
5f78217f-e6ec-4b9b-bf8d-fb6b258497a1,Sure drug season quality item car paper.,View evidence theory boy thousand much.,103,https://www.oliver.info/,"Horticulturist, commercial",2024-10-06 23:13:07
519e1dcd-85b8-4c1d-b81e-68039a3c24c0,Somebody to recently through.,Than network party allow beyond experience threat. Money amount middle almost yet. Into common power husband very listen series month. Shake level material national.,112,http://www.miller-cruz.org/,Banker,2024-09-09 19:18:48
f832983d-7ff0-46b6-9487-69c2093f4e2d,Cause man close benefit.,Around rather goal floor Democrat push. Talk every increase that.,107,https://flores-barrett.org/,Glass blower/designer,2024-02-26 14:32:09
1e5dcc82-efcd-45d7-ae93-35df475ce64b,Quite history financial real his together.,Certain want reason. Rock last religious win billion list choose.,44,http://wagner.com/,"Therapist, drama",2024-09-11 10:23:17
ab2fe7de-aec0-4592-ac49-70def240450e,Entire program of newspaper recognize he.,Organization his third. Town truth within. Can would nation start bring attention.,165,http://green.com/,"Psychologist, prison and probation services",2024-08-27 04:20:01
95e6a64d-398e-470e-9762-97f4fd459f84,Ago war senior particular.,Play seem might event. Play campaign instead teach.,164,https://www.johnson.com/,Education administrator,2024-09-29 17:46:05
e5483b1d-7b82-418d-95e7-a77c173a7a87,Yes recognize official yourself.,Attention spring many fact sound. Top eight stay. Like that kind kid address forward.,125,https://moore-torres.com/,"Producer, television/film/video",2024-01-30 11:47:10
dac7c27c-578a-45c1-896d-41ac208f4363,Market color drop never price million employee financial.,Model home test person hour recently live against. Cause social quality keep tell study prevent. School force good sea effect surface deal.,131,http://www.jones-brown.com/,"Scientist, water quality",2024-03-31 06:27:06
f409149d-ef4b-4642-b379-ac0653769ebd,Ahead now seat east kitchen into.,Consumer throughout perhaps wait not work boy. Down this movement appear pattern wear. Skin number door growth cover ability success little.,149,https://thompson.org/,Hydrographic surveyor,2024-06-18 03:22:07
4e2be410-31a1-4212-b51b-b0abab817022,Official Republican officer tax no word early.,Him treatment wait machine remain prepare though. From learn senior popular inside nor magazine. Administration security why.,46,https://www.stevens-bolton.org/,"Education officer, museum",2024-05-26 00:09:10
d6b18741-8718-44aa-ba80-2bfd5dc52007,Detail determine that soldier after.,Skill age in weight. Nation such very design. Indicate itself drive why back.,160,https://www.becker.com/,Network engineer,2024-02-04 22:26:34
cf716420-a184-42a4-8d02-7461ace4f9c6,Group indeed worker night consider.,Number debate admit leg hope stay. Against degree according car record. He red far color.,153,https://www.everett.com/,Trading standards officer,2024-01-24 10:51:50
0a6a03b9-ebb9-4c3f-a646-020175df74b7,Show fight cup reduce run.,Daughter try cultural woman. Necessary nature produce fire respond budget I. Wrong study thousand.,114,http://thomas.com/,Civil Service administrator,2024-01-23 08:13:36
589a96f8-2937-4849-b85a-cc6adf8fc940,Firm cover hospital lose up toward news.,Particularly thousand political table measure trip example.,82,https://www.delacruz-robinson.com/,"Radiographer, therapeutic",2024-01-31 17:38:11
2ee5412e-2e63-424f-a02c-fa238f2c263e,Parent sing important action analysis data throughout.,Leg campaign century bill hold. Manage property side religious.,174,https://anderson-patterson.com/,"Social research officer, government",2024-02-07 02:36:22
aa3b855a-aaa3-47f8-9466-42785c8fe0d0,Especially hear hotel who.,Check claim city recent spend once suddenly. Ask material last why blue region. Economic back world conference floor become of account.,65,http://www.cherry-grant.org/,"Investment banker, operational",2024-04-07 16:17:21
a3e7ead2-dcad-4f88-bfba-6a67b0502994,Body work past company here every father.,Affect interest successful it. Hit coach treatment save particularly million seem. Degree positive affect phone foreign against ask.,169,http://kennedy-edwards.com/,Film/video editor,2024-04-27 20:24:30
25ba8cff-70c6-4a62-8f2c-b03cafbb36d0,Her especially class member.,Red push choose stay direction if.,129,http://www.leon.org/,"Engineer, maintenance",2024-01-25 13:30:12
6ada2700-c281-415f-870a-218c279fbcc5,Available put different certainly pass.,Focus which agreement few energy owner. Physical theory perform. Deal fire image lay.,136,http://lam.net/,Clinical psychologist,2024-06-28 18:42:21
3f7fd734-0a13-4df7-9d40-5a643c3a60b4,Degree TV education concern center quality.,Big summer character conference. Provide make new low Mrs require.,155,https://collins.info/,Copy,2024-05-22 09:26:58
831a870b-9ac2-437c-899e-939015b274c6,Thank let upon theory on.,Evening modern third too still individual father agree. Gas describe rich indeed win hold much.,138,https://small.com/,Translator,2024-02-21 09:34:32
6bd9c032-1605-4319-8402-753cd1727fb2,Major anyone strong officer perhaps manage say.,Skill question loss upon. Officer later your design the.,157,https://wilkinson.com/,Astronomer,2024-08-01 02:36:14
5a504de2-cfdc-44da-b6ae-476053fdc86f,Go go join production loss.,Yeah safe appear anyone. Per young challenge rate gun.,94,https://johnson.net/,Brewing technologist,2024-08-26 12:29:16
717fc5b5-35fd-4de4-be67-3cd1f748218a,Onto upon current final majority bad.,Sure grow pretty better probably financial. Manage plan feeling. Interest defense important during yes fish.,63,http://www.acosta-gibbs.com/,Fisheries officer,2024-04-06 02:19:01
70dcc249-8d59-4287-bba7-d548fc76860c,Face protect decision treatment industry step sometimes if.,Mouth moment event run best really state.,90,http://roach.com/,Dancer,2024-07-17 08:19:37
84e6a05c-fdf2-4fc4-99ac-29583b663c52,Thank yard class man.,Theory home take hour point her. Support despite development lose support offer south. Team store paper program stop movie writer.,82,http://www.foster.com/,Secondary school teacher,2024-06-24 03:45:48
78c0b01f-e2dd-42c7-8e12-96eefec33240,Rate course six we it.,Art could necessary key. Wife itself particularly surface use. Station work east western I.,123,https://www.keith-kennedy.com/,Armed forces training and education officer,2024-10-05 20:51:31
35725f6f-98a0-4d6e-b6b0-b46c0b4bd1af,Mrs sure her kind street push single.,Yard when environment if picture already brother. Spring beyond your. Appear sort single which whether final.,161,https://www.hendricks-allen.biz/,Sport and exercise psychologist,2024-07-05 23:03:13
0bc2cf36-a72e-4ba1-ab3a-bfe6828eff74,Ball local learn wait talk hot nothing.,Usually song three voice bring better. Ok those ready majority technology human.,96,http://www.myers.net/,Probation officer,2024-08-08 13:31:43
f2a7558c-3009-48d5-89e7-961869bfbc64,Fund loss capital of yet with if.,American sense painting fund perform. Star each between cut million red.,80,https://king-cox.info/,Trade mark attorney,2024-10-03 23:11:26
8ceaca61-6501-40d1-9b97-2b17724199c0,Pass kind machine sell military air.,Benefit we left without financial population appear. Color break professional car suddenly recently detail free. Deep sure nearly school little.,164,http://russell.com/,Wellsite geologist,2024-04-28 04:38:16
03fb1271-5f96-4234-8090-0d33f3240445,Allow religious matter reason large organization.,Open ahead fine ten. Discuss car different hair study. Source coach series she.,79,https://www.smith.info/,Logistics and distribution manager,2024-08-20 10:25:11
d4deeada-315b-41ca-b473-41c647744a97,Well method election.,Material city candidate. While after board west although himself give.,161,https://hardy.net/,Biomedical engineer,2024-07-20 02:36:18
b2b17313-2294-4709-91c9-0605924606c1,Sing draw industry surface.,President language growth move source happen relationship. Force become compare last lead. Program capital heavy article.,136,https://www.murray.org/,Waste management officer,2024-02-16 11:34:54
cb1fdb61-c12a-4470-b8e0-84009f118f78,Little less include rather central.,Front house each national imagine. Stay my record argue. Specific yes last air public.,151,http://raymond.com/,"Psychologist, occupational",2024-02-20 06:30:58
2a31c0a3-18db-4cae-9465-a517e00c4528,Here adult later player near study father far.,Organization yes event tell edge score approach. Financial program very word role. Feeling hundred maintain.,110,https://www.morris-gonzalez.com/,Physiological scientist,2024-03-06 15:29:45
2df4fcc0-bb72-47a3-818e-5c79ffec08aa,Impact across someone.,Claim state common hear. Energy road practice amount. Away hotel everything professional.,97,http://www.greene.org/,"Therapist, drama",2024-04-16 07:11:09
beedc455-3f8f-4a8d-9cd0-b427a401e87c,Determine population argue floor major.,Another letter sound money simply. Both consider step should commercial Republican artist she.,36,http://www.sanchez.org/,Public librarian,2024-07-03 20:48:19
cf129eed-eb42-4bb7-b9fc-cc1c584ff7a5,Off eight necessary school high morning.,Money six theory a. Among federal watch guy lot project allow.,60,http://mathews.com/,"Solicitor, Scotland",2024-03-04 20:00:57
adaf5bc6-0ea0-462b-9306-aee284dfebd8,Position sell perhaps information agree make politics finally.,Cause party prevent arm later reduce event save. Whole next argue question hundred other energy test. Structure foot moment north.,44,https://www.pacheco.com/,Estate agent,2024-01-13 07:20:55
5596daca-8af1-4cc0-a541-77995500201d,Future one friend hair carry represent out.,Evening your without water seat. Cause hair experience plant treat when. Development involve little management.,101,https://wells.biz/,"Accountant, chartered",2024-07-20 10:17:18
138c9119-56d2-4b23-bbd6-4495a95dfc25,Rock daughter someone build letter.,Kind mention agree democratic call apply. Common up third happy real age. Care example mission throw rock which.,53,http://www.myers.com/,"Embryologist, clinical",2024-02-15 14:01:51
7230ad09-5d7e-4b2c-acbb-94d6517c39d1,Place dark serve nature set minute.,Education source move what allow analysis sometimes morning.,122,http://www.bennett.com/,Careers information officer,2024-03-03 08:34:31
4fb4453a-300e-419e-9103-e2de05c8213e,Include former forget business.,Senior person everything. Actually beautiful represent. Film film often door.,95,https://www.love-hamilton.com/,Computer games developer,2024-01-10 23:33:08
0c426201-4c43-49bd-a1a1-5a2d1b4113ed,Finally seem wide chance above always energy particular.,Not scientist oil read then record environmental world. Attack but policy positive.,64,http://www.fox-dunn.biz/,Illustrator,2024-01-26 11:10:02
b076dc68-220a-49c1-b85a-dfee925c51bb,Charge method seek reflect allow weight various meeting.,Be movie teacher usually father argue decide I. Administration stay scientist everything raise station three determine. Baby person perhaps run enough loss baby.,165,https://pena.com/,Trading standards officer,2024-03-24 22:44:48
874a2eb8-5edf-4609-931e-c1bcba221818,Else score note field.,Analysis reality possible better ago any director. On result peace manager indeed. Bank bag herself cold bit sort.,70,http://www.lucas.biz/,Clinical biochemist,2024-04-16 09:31:31
caf04c87-97f3-4c18-bb7b-3aaade5757d5,Run stuff until finish.,Economic lead more sound hard production. Minute charge player not president would wall. Pick general son remain religious.,111,https://www.fuller.com/,Advice worker,2024-09-02 07:08:31
15c45715-fb25-485b-8ea3-26af627afaf4,Magazine event evening particularly report sea computer.,Research herself second order. Lead someone article common practice society of. Leg seek society business last shoulder hospital response.,106,http://palmer.com/,"Geologist, wellsite",2024-08-02 01:05:58
61aaacc8-f8ee-4816-9f31-09d36c7c2b18,Too lose institution source check look low.,Newspaper west start. Matter pay feel generation choose.,176,http://www.salas-jackson.biz/,"Solicitor, Scotland",2024-04-15 04:20:00
811f4e7f-faee-4222-bebc-db963cc8a4f3,Learn again game character.,Ahead thousand soldier already. Suddenly free total everything member campaign strong store. Address reason hope scene record behavior our.,168,https://robinson.com/,Automotive engineer,2024-06-21 08:10:00
6e67a1b2-4579-4957-9dc2-5ae70ad8e02b,Nature general energy.,Very movie finally do decade. Son wish can chance.,144,http://powell.org/,Farm manager,2024-02-07 01:33:15
bddaa4bf-2039-4d62-b3cc-98a290d1190b,Him deal grow personal century book.,Physical if full. Feel concern hospital force go live many.,31,http://jimenez.com/,Naval architect,2024-02-05 09:06:08
99768a1b-292f-4541-9189-6eca2fc36144,General television else free fine happen argue subject.,Me weight so activity floor. Something throughout know.,117,http://www.lynch-gilbert.com/,Network engineer,2024-06-21 09:32:43
70b8bbe2-c292-4064-b8a9-fd87e9941371,Smile simple discussion across city identify.,Opportunity bar instead best hour board eat list. Pick former teach tend season. Conference other know exist everybody stage.,158,https://www.russo-rodriguez.com/,"Psychotherapist, dance movement",2024-02-24 20:45:23
95b8e3a6-54e1-440e-a9cb-8bded2557759,Resource health human similar bring decade.,Party large enter yes brother newspaper. Center behind affect involve.,40,http://www.rowland.com/,Sub,2024-08-10 10:05:41
0c5a8510-fefd-4d74-b1c8-a229f9cac237,Ahead green school source.,Real case situation. Important major help continue for politics hair.,79,http://www.lyons.com/,Comptroller,2024-08-05 00:52:42
51c4d060-8aad-428d-b061-c8d79a0606c2,Growth resource production expert enter born easy.,Magazine series campaign able kitchen college material. Begin develop end particular maintain. New week leader increase financial center war.,61,https://alvarez-burnett.info/,Broadcast presenter,2024-07-03 14:53:02
ed0229d9-3228-4376-a41a-c0f461411a2a,Doctor reach year learn rather security.,Have life decade assume. Material any yet main never country. Show population wind inside. Cost force executive discussion price.,118,http://bauer.com/,Environmental manager,2024-02-25 01:44:47
0e208555-f08c-4e0c-8fde-ddfab3189055,Rich thousand recent big.,Film attorney available serious wait arrive under.,79,http://www.crawford-hill.net/,Best boy,2024-04-24 04:44:22
f1bdbc5d-44f0-4499-913a-205b839170f2,Decade country door back moment late.,Professional marriage Congress key matter card item. Study culture forget believe but her. Especially rate glass entire effort.,132,https://evans.com/,Corporate investment banker,2024-07-06 03:17:12
8d10fc5e-f7d6-490c-9e63-60a6c2d0c1a9,Skin positive citizen.,What field bit other. Action structure say him vote artist lose. Local art apply hundred strong design each.,138,https://www.villa-hurley.net/,Armed forces logistics/support/administrative officer,2024-04-09 22:09:47
5e9447fe-6264-4427-bfd3-fbc0de2bc01f,Pick different nothing.,Everybody subject rich out art paper then. Daughter city yourself usually anyone hand.,125,http://www.glenn.com/,Call centre manager,2024-05-09 11:59:42
16951674-b8eb-4c91-83a2-b510a084357a,Society for light.,Course to pressure source. Crime shoulder exist by. Quality ten since democratic use believe suddenly.,80,http://carter.com/,"Pharmacist, community",2024-01-26 04:11:38
e810f976-e8ad-491b-8120-b0cc14546b14,Knowledge grow ago very treatment you forget many.,Effort long central hit civil child full. Sort almost very free wish up.,114,https://www.moore.com/,"Geologist, wellsite",2024-07-27 02:10:49
6f0361cf-0c01-47d9-8e70-469990232019,Consumer southern as recent grow later weight player.,Debate company dark join traditional. Account Congress avoid. Seat its force share source word.,78,http://little-bautista.com/,Camera operator,2024-09-07 07:08:22
93c24fef-f2d0-43de-9aa7-1a9810d34cd0,You result bed American risk letter pass.,Personal during town plan activity analysis week. Military religious popular new minute usually pattern newspaper.,173,https://www.alvarado.biz/,"Engineer, land",2024-07-23 21:37:18
6f962c36-249f-4ba3-b834-a9f0f8c60206,Ten arrive often someone offer wait degree.,Over former water bed future almost off.,86,http://arias-murphy.com/,Insurance broker,2024-06-17 02:28:21
5cc2e51a-0a15-4a9a-b4ac-125f30857866,Good there decide enough.,Fight always just seek only manager nice property. Compare wife fear serve. Because that upon soldier threat shake.,177,https://torres-tucker.org/,Geochemist,2024-06-22 21:14:47
affdd62d-b2c0-41d9-b82b-28f391ac2a56,Simple language nothing person.,Nearly effect almost television full inside. Business stay try yard note large necessary during.,69,https://lewis-shah.com/,"Designer, television/film set",2024-03-10 01:01:51
4559cc09-cf39-492f-97c2-d491243aef4e,Movie example start.,Close yeah data some minute. Night hotel couple. Market bill career tell modern product.,154,http://www.murphy-lopez.com/,"Engineer, building services",2024-09-20 08:41:22
ac7f1863-f37e-4b0c-ad86-abc61e1da4d2,Admit character pass wide get trial everybody.,Value maintain phone cold risk. Future later national on interest few trial.,130,https://www.leonard.com/,Early years teacher,2024-05-12 20:18:41
d69b1d7c-9d98-431b-8fc0-10fc902edfa8,They involve place game.,Mention thank still then. Food never who newspaper fire. Fill war nature total in bag entire.,110,http://brown-simmons.org/,Volunteer coordinator,2024-03-03 16:34:33
77e978c8-600a-42da-bf34-f174e7e00d5d,Detail democratic base might also how manage.,Against community design give second possible. Usually product down focus. Together imagine dog claim race.,37,http://powell.com/,Health and safety inspector,2024-03-23 21:16:19
e2fa68c4-d277-40e3-b9c4-c4aa44b0b44f,Cold when create health.,Today board media meeting green. Possible loss test hotel. Tough thing feel woman many sell course.,114,http://reynolds.com/,"Psychologist, occupational",2024-08-12 05:01:17
39e6e896-87df-440a-b713-53f2642bbadc,Civil his I put factor early.,Lose customer describe positive boy. Although at not short.,84,https://james.com/,Chartered certified accountant,2024-04-08 22:02:01
33376891-31c0-49d5-befd-ba4eee6b952c,Soon she enough spring themselves bill book.,Heart toward can. Argue manager fall officer play.,169,https://spencer.info/,Adult guidance worker,2024-07-04 13:06:20
b1b83861-9cf7-477b-ae92-ee812f146efb,Section challenge focus moment around.,Maybe card add international issue production remain. Ok foreign town say.,58,http://www.ayala.net/,Clinical psychologist,2024-07-17 02:49:29
05b64964-27e4-44f4-b32b-e9d25acb06c9,Guy must organization group.,Those defense body small near left.,105,http://www.morris-smith.biz/,Hotel manager,2024-02-17 03:06:56
808a925b-10cc-4d90-b14f-5ef1945980e9,Body air as president feel.,Situation case wide go attention actually positive open. Talk data hear middle lay between key.,56,https://davies-murphy.com/,"Psychologist, sport and exercise",2024-09-16 23:14:33
b28ee56f-36f4-4227-9be2-e39af37fd7c3,Young test store dream high reality focus.,Through network job decision. Us trip eat open mission.,121,https://snyder-carney.com/,"Scientist, research (physical sciences)",2024-04-05 09:11:26
b189c0e5-fc60-4d38-bdc2-3d5b3f8ef0de,Hair since professor.,Prepare simply point need accept. Building leader central together here speak stay. Night message health center specific purpose.,59,https://www.turner-white.com/,Town planner,2024-01-17 22:27:52
