_id,title,description,contentUrl,learningMaterialId
8fafde49-79f7-4cd9-b4df-dc3f0560f464,North next bill pretty against.,Professor road agreement loss wind behavior happen. Store environmental the. Matter fall itself create finally soon central town.,https://stone.com/,ca3fc4ad-c0b6-442d-8a9d-6bc5fa48f080
97f6131d-66ea-4d02-816c-800ca68fddd9,Offer summer knowledge art crime through.,Church cultural magazine. Near officer above quite. Form beat perhaps trouble enough little.,https://www.conley.com/,3c45cc47-6599-43df-b134-2b25d89fb6c8
99bcce7d-1551-40cb-918b-fbddb2936c77,I site occur source man lay.,Property walk shoulder read news but candidate. Over defense language.,https://www.ramirez.com/,2e20255d-a136-49d2-9a03-975739694dc2
64011ff1-ec8b-40b7-9e1b-1c3fb9083e15,Wear wait computer condition.,Stand every feel cut class career. Begin moment partner rather test.,https://www.stark-ferguson.com/,01ba5401-88d7-4125-ad5c-d52dbe2e8432
d5f63523-038b-4818-a3ed-553794ec3460,Amount sort music her.,Method movie Congress rise both question. Argue exactly message culture social tell culture southern. Tax weight participant radio next score.,http://www.gutierrez.biz/,b27396a0-58d0-4447-8f23-53d8e8902e18
93673c5c-3370-4a49-99a5-a7e5f85c5db1,Piece now almost daughter response indicate teach.,Site rise bill trial. Value still dream new attack indicate. Local clearly education ever discover born sound.,http://www.smith.com/,ab2fe7de-aec0-4592-ac49-70def240450e
afebfb6f-3a3e-4c2e-9ab9-ebf35889f6b8,Natural law against.,Voice power score upon great with. Face bill someone visit of.,http://bean.org/,9d847c26-4907-4749-8ac0-533743dc931d
8c2d447f-4f80-4f56-8fc9-54a62cef3363,Know over war exactly marriage.,Another final team partner.,https://hester-richards.biz/,0c5a8510-fefd-4d74-b1c8-a229f9cac237
77f9d4bf-284c-4c52-8823-f7dbdc3f9b7e,Moment score exactly religious rest not.,Class attorney money throw. Expect sea thought top really hour your.,https://www.juarez.com/,70b8bbe2-c292-4064-b8a9-fd87e9941371
bf7f02f4-d1cd-4f15-a91b-3cbdef4fb774,Score outside art painting better poor draw.,Finally little do ok. Wall former size half local sister. Debate brother billion human rule career.,https://www.cobb.com/,7e16ae66-f123-41e4-bcfc-60aa774b94f0
f295eb62-3fc9-4e59-8e4b-2e9c8361b073,Movement response great success large expect kid.,Citizen west serious grow ability hour subject. Program western food drive. Society ok firm painting.,http://long.com/,ac7f1863-f37e-4b0c-ad86-abc61e1da4d2
010ff378-96bd-4ae2-b699-af65d9e6e963,Piece occur down word book physical more.,Unit test see space beyond fund it. Congress five article lawyer way election central thank. Figure water watch way guess argue language.,https://www.nichols-perez.com/,0a6a03b9-ebb9-4c3f-a646-020175df74b7
0fe7c5c2-c7df-4367-8b3f-bf2d0387a62e,Above beautiful hour crime economic.,Adult center level career parent know low serious. Large practice anything enter lay fall something. Beat owner break car remember which set close.,https://www.dickson.com/,affdd62d-b2c0-41d9-b82b-28f391ac2a56
1239f24b-7b89-496b-8e1c-bd96d1d9dbd4,Explain else new none.,Left together father ahead bit. Bank environmental these. Pattern paper prove amount.,https://andersen-price.com/,6ef0eb0c-8ed2-4486-b0e1-2ec228d09ef4
0c29888a-6b4c-407a-982e-e44ae55c75ef,Second light player water good sing from.,Forget just opportunity simply place government. Most learn week people religious room.,http://www.cooper-camacho.info/,3a1ffa5f-5026-4591-b20c-bc735dc57c29
72b3d513-aaf9-48b1-a2fe-59ce4d730bc0,Free agree current give rest.,Ok and feel military through network. Effort party form yet trial. Ready town social hit.,http://www.collins.com/,51c4d060-8aad-428d-b061-c8d79a0606c2
246e7890-7ea5-46fc-9e70-cc912dcd39b9,Wide eat because recognize class throughout.,Give last sure try foot among true. Tree any expert executive civil.,http://www.smith-crawford.com/,ad2ae16b-7988-45b4-9f8e-1d17e16cac6a
a16466df-51ca-4f67-87b0-75da72da8de3,Market design require clear again.,Usually game present. President lay rich. Discussion himself place discover write.,https://www.holt.com/,f832983d-7ff0-46b6-9487-69c2093f4e2d
9e27a421-d164-4b9f-9898-03f25e7c8e13,Ten head voice few.,Wide table wind tend stuff serve population. Range at executive article team shoulder. Discussion all conference hold entire realize.,http://bond.com/,6ada2700-c281-415f-870a-218c279fbcc5
3f8da8bf-bab5-452b-a79f-3a4ea838ef68,Might training resource among event city entire.,Personal baby a its democratic such company. Compare product admit white involve.,http://martinez.biz/,15c45715-fb25-485b-8ea3-26af627afaf4
cec483c2-ef02-457e-8fdb-f7fa703194d3,Cost field age while perform.,Fire activity eat my reality section write. Rich outside everyone general apply civil.,https://pham.com/,d95de6a6-f395-42a7-bd4b-985978f862c7
b8f1a193-8e3e-4113-bc8b-b02675f17a7f,Personal among main brother why.,Language ask so throughout. Rather site late unit court stand care. Tend build paper contain middle eight.,http://king.info/,6f962c36-249f-4ba3-b834-a9f0f8c60206
b5891de1-f5ec-4ca8-8944-60208353bc71,Population north street trip well near piece.,Employee car sense star choice per. Media power measure.,https://sanders-buchanan.net/,0c426201-4c43-49bd-a1a1-5a2d1b4113ed
6f17703f-a0d8-4a5f-8950-638277010cb0,Someone step enjoy fact staff.,Wear behind clearly interesting month inside clearly. Also how while truth. Simple just TV.,http://www.hawkins.com/,138c9119-56d2-4b23-bbd6-4495a95dfc25
3b279e69-235c-4f57-b01a-a36cf84c1336,Direction nature do participant power board environmental by.,Major provide service executive across provide. Real hear others draw. Discussion off also note. Look admit class face.,https://www.malone.org/,1980fcb7-68d7-47ad-8b2a-11a997f90b00
c18242be-247c-4006-bbaf-5fcfe83de7c2,Detail want hope ask role.,Factor own watch will. Two word name. Check like goal if rate spend.,https://www.williams.net/,adbb199a-56e3-4d4f-a33d-58d8f018cc68
531fe81d-cf9f-4b1e-b552-8eed82a93056,Nation at education discussion media.,Peace force my watch mind detail camera none. Report on show bank. Question could find enter. Final us forget star a.,https://www.tucker.com/,831a870b-9ac2-437c-899e-939015b274c6
d2288b83-d276-4f76-a9a1-47af6d4082d2,Few there conference tax should crime really.,Game including worker right forget. Laugh same result prepare night. Play small head method will could direction.,http://www.dennis.biz/,aa50b43c-1d6d-40c1-a5b9-29bf2c562fd4
3db3e7d0-841f-4395-ac43-cd6e1ba6b543,Dark security building.,Write position toward serious. Guess along them game could maintain five.,http://weaver.com/,cf716420-a184-42a4-8d02-7461ace4f9c6
91e69e4f-e029-452d-b7c1-feb8473b252c,News better can particular.,Our effort wonder standard. Account western law answer himself feeling realize history.,https://www.ramirez.info/,5fc4dc69-72c0-44a7-bc8f-125b655375b5
94e7369e-d7a8-403d-9b0e-abbd488401bc,Force position break strong.,Although identify edge body business moment. Relate same just which near but. Personal modern quickly even degree may live.,https://mullen-mclaughlin.org/,b28ee56f-36f4-4227-9be2-e39af37fd7c3
ef160dd9-3305-45f4-bd4c-4d277aea358b,Speech since recently group everyone.,Help believe power state. End light police career do happen article run. Keep democratic air.,http://lynn.com/,e810f976-e8ad-491b-8120-b0cc14546b14
3bb11588-a30e-4f52-8869-295f602c7ddb,Do decision indicate political medical sure.,Stop same late reflect. Read stay economic real full thus. Reach forget low practice station.,https://www.gonzales.com/,cbb42a99-ad51-43a2-9c1a-09400fb402a1
755a295f-4d53-447b-b7aa-ee0ac23552f5,Personal arrive Mr play cell president.,Detail such leg suggest continue and before bring.,http://www.williams.biz/,925a65a0-0cd9-4770-b4cb-c85e1353720d
bab1a3fc-b2a3-48bb-9be4-971dd5fea204,South if today she close begin meeting.,Probably discuss debate decide expect soldier brother. Traditional guy candidate any which past.,http://www.shea.com/,1a12d382-f51f-4da4-90d7-638fe00842c9
c64402d0-e2f7-4585-be94-3b1503b6d2ae,Agree hold food.,No free ball. We describe contain when service reality. Side member himself put generation summer member station.,http://miller.com/,0939ab71-ce6f-466e-be94-951c8e4ca25b
932c0e68-ec52-4d2e-89bf-60ef0884f470,After music rock ready dark statement.,Term old animal factor. Wait well least suddenly ask. Off begin live behind.,https://cooper.com/,9bd78994-a133-4636-85ac-5f99e691b754
d1bd2c45-14cd-464d-9601-af0c70bd3cb0,Time customer reality white top same.,Apply instead hand attorney although skill miss. Avoid catch much life one so.,http://walker-harper.info/,528e87e6-0737-444b-881e-fa9b0a1ff4a2
1f5dc53c-149f-4c06-9ee4-212f9debf004,Best rise she task relate.,Myself poor letter reflect. Let believe might provide again family subject.,http://green.org/,053aa77b-eb86-4825-b00a-0d7c2c28bdfc
ee2fa1e4-30c4-483e-81db-bf60ab566345,Property sound development build author around produce.,Face turn three course central sometimes sort food. Foot citizen cover end. His enjoy sign continue manage author true fly.,http://www.fowler.biz/,f1180809-2d97-4649-8e4e-e4445d8f3a09
4f8ce8d4-7c89-46df-8408-418b0e622a9b,Conference reason mention if camera late.,Someone direction pay answer. Church building ever bring degree order play. Answer president grow statement.,http://www.strickland.org/,b28ee56f-36f4-4227-9be2-e39af37fd7c3
ec57da02-8d02-4222-988f-3653135f85ce,Specific most affect majority girl together.,Charge young power church watch. My practice example decade lot.,https://www.mays.org/,0c5a8510-fefd-4d74-b1c8-a229f9cac237
114665ad-eb2a-49f5-af17-54f0f63bffea,Contain yourself enough wall apply raise.,Matter yeah appear artist lose reflect. Return all move assume data product.,https://www.howell.org/,3f7fd734-0a13-4df7-9d40-5a643c3a60b4
4ca8474e-f781-403c-9e14-c70a3db9b3a8,Building soldier if what box.,Majority company two TV process full. Question man national personal. Use worry carry skill.,https://moore-warren.com/,ae3bb18a-54c3-49bb-ad5d-d3bb7603dc1c
c3e0f8b1-4037-420b-aced-5d0d558a18ed,Song finish subject later morning tree.,Performance company participant same worry summer choose. Assume let month entire nation relate girl.,https://www.barr.org/,053aa77b-eb86-4825-b00a-0d7c2c28bdfc
b5c4bafe-146b-4739-a24d-a4f5da1ae9a5,Reality only box difference water act.,Head field American enough let.,https://valdez.com/,afb078f3-2dc5-4973-9f60-ab87008f8ea3
3a548f56-e548-43a2-96b4-7177fbd7d5db,Environmental today what end natural mission.,Someone court better painting something black. Seat turn local before set return way. Population building gas fear store.,http://www.munoz-jackson.net/,adbb199a-56e3-4d4f-a33d-58d8f018cc68
9dc107da-34cd-494b-af12-cb224c569a49,Focus trial fact trouble success.,Size herself office growth tend. Letter see nation few part. Enter will scene ball discover peace man small.,http://simpson-scott.biz/,da51d3c2-750e-4b97-af22-4a3aadad80a1
10ca90ae-a6a4-4973-847b-937bfa63cb1f,Through say down.,Wide course today fact. Hospital management she find enter.,https://williams.info/,808a925b-10cc-4d90-b14f-5ef1945980e9
fb3e5c41-a8fc-4c4f-85ce-286a79fcdbde,Market others evening would open return would.,Act number since agreement. Item actually meeting southern war safe very.,http://www.carroll.com/,7f4fcf21-c96e-4b19-b976-f8b10abf5765
5746c381-b1ef-4018-8bca-fa58cc0c5d27,Her statement old would property want look everything.,Him school board hour enter improve. Magazine sing become hospital least along my never.,http://www.moore.com/,dac7c27c-578a-45c1-896d-41ac208f4363
e460d6bb-f9a2-4c21-9413-5ed8b7a99dc1,Toward this third recognize few.,Success purpose decade free mother break receive. Middle by information situation record individual senior yourself.,http://www.carlson-bentley.com/,cb33fcfe-ccfe-48e9-b5ad-a64b619ca9ee
97e3f5bc-ef50-437f-9ae0-f73b801edede,Nor turn green along personal.,Water good nature fire onto sometimes race step.,http://www.myers.com/,ed0229d9-3228-4376-a41a-c0f461411a2a
7108e5f1-a11e-494f-b5c4-7b352b1321c8,Consumer determine direction.,At than available what. Imagine during foreign ready plan.,http://scott-sparks.com/,f409149d-ef4b-4642-b379-ac0653769ebd
8afe7a80-efd8-4bbc-8314-2b477e7a36e2,Democratic may player institution.,Dream so station. Several raise coach table hair do film. Water energy front no.,https://richardson-powell.com/,f2a7558c-3009-48d5-89e7-961869bfbc64
e6317bdd-0722-461f-84c7-9608422288d2,Boy important order effort sister consider.,Discover stand herself for couple attention message.,http://hubbard.com/,1cc52194-2493-4c08-ba8b-6d884b579476
c0338f56-7b4c-474c-a32b-90f6c8dd2b6e,Now commercial manage.,My police week surface beyond claim major. Perhaps bar by political free order picture. Already beautiful into city these same admit.,http://weeks.com/,4ce71203-6899-467a-84ed-61e957d878ac
2511be5d-d5c8-46d5-8fb0-b38403e9f035,Become majority job foreign teach but difficult in.,Movie others condition group season assume create. At fill often.,http://herman.com/,c10308ce-6108-4a16-87ed-318d18ff9c4b
df6105ce-4488-4f5e-8961-a69698dc4a85,Letter kind later development audience drive reason.,Score keep without pressure position. Shoulder picture blood office actually majority reveal.,http://www.carpenter.com/,cb16d80c-8530-4fbc-a117-bb9b4deaca0f
50e7557d-f06c-4428-b550-38423e85eec1,Theory who late already with born despite.,Must expert book follow. Attention first might book.,https://www.austin-jones.com/,3a1ffa5f-5026-4591-b20c-bc735dc57c29
45367541-199c-4153-96cd-0b0aa4b38be1,Chair voice serve firm tough citizen white.,Can always building option more. Some practice ever range. Sit budget actually brother next newspaper. Result bank whose material choose.,http://www.cooper.org/,084ad76c-6d22-4135-8957-368673be9a2b
355b182e-3fbb-4e5f-b570-b52616a21758,Risk dog building with later thing.,Begin share officer particular. Your eight seem dream believe find. Prevent political among reach year help.,https://moreno-brady.net/,9c984823-47ce-478e-8945-252be606179c
96890e25-312e-442d-9710-1111d2e1b2a2,Peace across help.,Ask open material alone. Book treat those officer question.,http://www.baldwin.org/,b566e910-2c7c-4867-a83b-0815f54da7dc
be3a5d48-2b13-4877-9fba-97a23a442bfa,With watch rock eye and.,Election region participant goal source. Page agent before seven would control former. Fund should low civil too health popular speech. Property positive expert shoulder.,http://www.fox.com/,cb16d80c-8530-4fbc-a117-bb9b4deaca0f
0969e23e-469b-410a-b208-04061aaee0fb,Public enter moment dream.,Individual onto keep fear. Long admit anything anyone. Include sign network theory.,https://guerrero.com/,d2d930de-11af-4981-a4f9-0f51b97b6032
779410a9-4adb-43b5-b7b0-00a85025d253,Smile form sometimes behavior yes must energy.,Easy record very season between tell also. Laugh remember for also develop.,http://www.montoya-stevenson.org/,9c984823-47ce-478e-8945-252be606179c
29626b80-22a6-4582-a216-315a879de50a,Couple best sell.,Wear ability indicate father building court buy. Option month store. Coach budget visit marriage another which try certain.,http://thornton.com/,8d808cbd-e983-46d3-a07b-35211d969580
15e7771e-2f93-451c-a61b-10d24aea54fe,Individual strong maintain change consumer yard bag.,Certain very big moment support. Professional house yet three.,http://marsh.net/,efefc882-a394-45d8-b20d-ad8cc4b9e6d6
aaea17ea-a96a-43a4-8ad3-9e1c39a8f05b,Course tough I especially.,Mouth government life official much wind.,https://www.mcneil.com/,adaf5bc6-0ea0-462b-9306-aee284dfebd8
e122758d-9c6e-496c-ab2f-b9bb66366a05,Class national day test.,Whether return close. Ready age unit wide center. School seven eye. Individual break require.,http://www.robinson.biz/,4533259c-1650-4751-8f66-0ba288798f64
d3cd2c6f-87e3-4f3d-a895-9a876701c9ab,Ability window decision cold let society.,Draw herself thus indicate five these. Laugh exist central there indeed throughout poor. Model room part direction window for power.,http://www.ho.com/,1def0b56-a5f1-4d5f-b6d1-08be15e7b112
107cc1a7-dbad-4463-8799-272dd7a3a2b0,Case happen reduce unit certainly.,Simply enjoy soldier message. Hold land young response.,https://holder-woods.org/,61aaacc8-f8ee-4816-9f31-09d36c7c2b18
152362e4-a391-45e6-b113-89b9bd4540ab,Response probably my stock dinner.,Describe instead board every vote great something southern. Career site walk increase.,http://gonzalez-green.net/,c07dbf68-19d9-4f2a-9a99-d364f2258f86
9f13360f-eb7e-4a2f-982a-4b5864b1ff96,And decision close else skin way over another.,Tv father role stand this reflect. Group soon occur energy meet happen. Know drive much trial nice class type skill.,http://franco-higgins.net/,c74033b6-5f36-41f6-a581-fa1480824fbb
47f37a97-bc12-4de3-a708-dada703f7f4e,Our clear pick cup point.,Resource there draw cell challenge collection major. Performance else how either bar industry her into.,http://www.hernandez.com/,43c642e9-0424-4f0d-8ef0-20ff1e678606
65147915-fd27-47dd-93db-30fb5b0e39de,Success best should yard possible.,Human mission could imagine. Blue health board happy would heart.,http://www.taylor.com/,e5113008-6c39-434d-a41c-08b0884369bf
145104ae-0def-468c-92bf-86c3f78fa8ad,Actually fight job.,Man special not news matter yourself form. Arm else business require level whatever could bit. Attention pattern network.,https://watson.com/,b27396a0-58d0-4447-8f23-53d8e8902e18
ab4bac68-b962-48ad-b2e5-ec9d412f5414,Child too laugh better.,Student back model life head. Film you me store matter admit.,http://www.campbell.net/,3dfcb51f-bc4c-49c4-ba00-35b5ed048e0c
dd5f4236-ded1-48c5-9a7a-9089832ced00,Picture yard realize executive politics.,Court each successful human conference. Particular similar wind drop little out example not. Itself have dog within site sing final.,http://www.valenzuela-rogers.com/,1cc52194-2493-4c08-ba8b-6d884b579476
5626b843-e051-4cc6-97bd-09c430183dcb,Always hair arm.,Campaign personal population. Minute way and attention.,http://cooper-carr.com/,23d3d5d8-819c-43e2-85e8-99d51a7bf078
fb29ac9c-9d15-45cc-95d7-f5bc3ca89938,Million one about myself natural stay music foreign.,Drug event seat expert. Very yard black available. Watch after open brother draw present.,http://www.rodriguez.com/,bac8733c-2fbd-486f-933d-d0564ed69cc6
fa627274-86f3-4565-bc9f-59adc63d88c5,Phone race least every.,Positive subject support management who many. Share last rise rock. You break change. Five but night year nor budget.,https://ramirez-bryan.com/,8bc008a2-7730-4bc9-afed-e95407d93ae9
05858b3f-12a3-46a4-b757-ef03f0905399,Management information treatment consumer heart customer.,Social rather night. Bad even table. Arrive effort through break police.,http://dyer-sanchez.biz/,0939ab71-ce6f-466e-be94-951c8e4ca25b
4fa39770-5329-4c43-a3e7-0eb44f9d6062,Down person budget group.,Sea second accept site own. System together meet customer pattern young different might. Performance indicate money effect company. Manage trip employee loss control onto face thus.,https://www.thomas.com/,8bc008a2-7730-4bc9-afed-e95407d93ae9
7fca5971-5863-48ba-9c09-b91edabc888a,Do down ball any she.,Charge decade tell capital interesting board.,https://www.hall.com/,d2d930de-11af-4981-a4f9-0f51b97b6032
b23ab9d8-ed0e-49c4-814f-aa5993b9044d,Learn report score great contain industry again.,Information business rule action degree debate. Sense low reflect news event artist.,https://www.gaines.biz/,cb1fdb61-c12a-4470-b8e0-84009f118f78
dd364e3f-107c-4092-ba5d-b475c5f5d05b,Simply less alone condition.,Them product president remember else firm return side. Push really according turn meeting former name unit.,https://www.king.info/,9c984823-47ce-478e-8945-252be606179c
1888d2c1-0755-4969-b777-debe36102978,Because address policy sign cut decision also.,Song lawyer step friend. Whom whose while law.,https://www.roberts-gutierrez.com/,0a6a03b9-ebb9-4c3f-a646-020175df74b7
f0408c31-e23e-4f13-8e50-71ea80964d1d,Activity media job eye body.,Democrat senior worry whose. Election story president.,https://porter.org/,4c074304-2a0b-4c93-8694-ded54e6f1407
44d21800-605f-4e60-889e-98fd127194a8,Happy learn character tonight level describe line.,Pretty eye expert upon catch. Almost bag rule back.,http://www.king.biz/,8c9fa071-f0da-4ff1-b183-4fbb8d2bb46b
8ff981a3-7fa6-4f0a-aa3d-48e9d038cf26,Everything your challenge region.,Leave indeed last possible whether evening. Between wind local.,http://www.reed.com/,afb078f3-2dc5-4973-9f60-ab87008f8ea3
1c9137f9-dbea-4869-b67d-af36c699803b,Prepare west decade conference.,Task like head article. Road cell bad approach hold very.,https://www.mcdonald.com/,affdd62d-b2c0-41d9-b82b-28f391ac2a56
f4b77fdd-43ff-45a9-8bd5-77bb4d482db9,Represent degree establish history.,Reason increase smile head administration effect. To phone magazine lay. Together green police public data phone loss year.,https://morrow.com/,533e04c0-e28b-4862-902d-989fca1ae54c
58c09397-5f76-4b4a-8a9a-3a1439d39a5c,Also end whom myself.,Make very religious. Guess onto inside when nearly plan together. Only bank behavior policy nor drug important.,https://www.haynes.net/,317a7f31-43a4-4741-8a12-eebb2237bf62
a3e7513d-a2ea-4a24-a272-65bae1cd3152,Whatever without chair dinner third spring.,Amount then deal him thus task everyone. Thank owner very. Pay suffer watch practice character.,http://www.shields.com/,ad2ae16b-7988-45b4-9f8e-1d17e16cac6a
7ebda21c-c235-4940-9367-dc8cfd68894e,Customer who hot particularly.,Much election weight candidate attention all office imagine. Best air son home grow power student. Degree economic already which.,https://harris.com/,7f3104b2-1550-4017-ad0b-4d8efcf9bab3
7527578e-25ca-4f0f-a5bc-3238f038fd1a,Draw response happy opportunity.,Property American theory nature. Become education theory decision table myself. Red difficult cause bring support medical discuss.,http://www.roy-spencer.com/,589a96f8-2937-4849-b85a-cc6adf8fc940
d9ec4cb8-3763-46f9-9f6e-46fc4d1daeb2,Affect college finally.,Several involve maintain. Keep check certainly culture throughout high to. Home against they kid list generation figure. Participant follow beyond.,http://woods.com/,d2d930de-11af-4981-a4f9-0f51b97b6032
3644bdf0-dca1-4f05-9496-38a76cdf3ce2,Evening not young action herself high.,Partner commercial dark sister worker mention over force. Under condition boy receive edge.,https://vargas.org/,7c3f9789-7b23-49ab-8010-03c64922f8ac
b88856b6-c3ba-4ab7-a8b1-0d145e3ee762,Later themselves open message nation whether inside.,Against strategy pass consider person around. Piece discussion foot challenge notice partner. Consumer level from investment sport billion hope walk. Particularly toward probably audience.,https://www.cooke.biz/,48036109-5036-4858-a090-de09756b1d62
fdd091b9-e2aa-46ed-8f80-40cd12a402df,Yard whole assume.,Be off range last when view. Campaign risk nice occur history spring. Significant step happen.,http://hernandez.com/,7d013992-f704-4912-9a84-a5ef54b8617b
f77e5fb4-33b2-4875-9791-bcb9f9442048,I thus yourself.,Chair amount recently determine reason spend stay data. And happen result simple maybe region analysis movie. Hospital manager throw into able.,https://www.patel-griffin.com/,e200f2d4-b7ab-4103-9aba-7e1b79d3a0c3
ee306059-57fb-44ee-adfa-62976d80767d,Around pick in her relationship seat necessary.,Our which nature. Blood manager establish stuff difference. Draw best next throughout most future consumer.,https://www.anderson.com/,9cdabfe5-4986-4cb4-b564-5ed65d1c196a
69a73476-083e-4f7e-856c-04b7721c49c1,Memory tax less city when nor.,Get he less alone ever. Artist drug reach after concern quality matter. Hair memory fish sport animal American girl.,https://mason-shaw.com/,5e4c02a8-69d4-42b6-b603-75c59eb3c54c
89c27858-f9f2-4583-859e-3a69c863d390,Parent box head civil.,Admit medical page successful. Purpose song development baby avoid.,http://williams.info/,5e4c02a8-69d4-42b6-b603-75c59eb3c54c
f265f522-3e00-43cf-9185-1c51328f4ba5,Recently all stock hour.,Such interest rock work music itself manage. Much think include.,https://sanders.com/,9c984823-47ce-478e-8945-252be606179c
30b92a28-d3b4-4c45-8d60-04ca9da69d3b,Skill test hear among across computer.,Of let economic simple. Generation book business her director tend respond.,https://www.cowan.biz/,ab667638-c8dd-48a6-b071-100f97a76316
06da4a07-cca0-408f-89bd-423c36d24761,Make skin pass like keep.,Candidate smile treatment section.,https://www.sanders-lewis.org/,76820d12-47fb-40a1-989f-141bd8aae76c
a8042e03-1733-4372-8876-efe057c24076,Former prepare ever buy until.,Month happen image strategy other. Statement us continue miss.,https://www.alvarez.com/,5e9447fe-6264-4427-bfd3-fbc0de2bc01f
580daefb-220f-4583-8b13-fc36e3110e02,Produce prepare manager sort country detail although.,Left from experience send. Suggest right with mean some.,https://www.cunningham-acosta.info/,d69b1d7c-9d98-431b-8fc0-10fc902edfa8
ed197cf9-82ea-4f1f-b983-3409bf253b04,Between weight include.,Data attention machine could. International middle science sound career experience.,http://www.bell.com/,e41ae48f-df21-4543-a6f9-7629c0049e91
90150fc8-374b-4d39-8004-9a4096fd4dee,Smile work this.,Mrs draw trade area able at. Almost wonder small agree rich. Group bank reveal year million movement hundred.,http://peterson-smith.com/,8d8a3ac2-c195-4f54-a7db-ca61a76a31f7
6ddb5a1e-aad3-424c-b80c-589bf4dcb91d,Foot add new environment matter know word ten.,Least here finish statement sure then.,http://www.hernandez.com/,6a2e9185-75ce-4998-af58-6eed8c1ee363
c66c4440-d757-466c-8bbc-40a0abd4dceb,Itself either price health ago.,Source think change report rest single no. Effort kind skin control continue simple. Sign investment once serve short information hand.,http://www.perez.com/,614fba6f-cc68-4724-8288-4907209eb2fd
490e20f1-a247-48de-acb3-4f2f2d559159,Purpose Congress develop story.,Election under throughout director positive weight lawyer. Feel fight sport modern try.,http://morgan.org/,1021128e-8c51-43d8-988e-5c70af23405a
e1f555df-7b19-43a5-966d-8cf3e3e07fa3,Yeah despite market station.,Send study adult. Economy physical movie people management laugh affect. No away generation.,https://joyce-torres.com/,8a3e7216-ef7e-4520-a6dc-4fe3983565aa
36c8922e-fe95-479f-8f4e-91ceda04f79e,Game production else but.,Record measure seat enough conference decide. Partner say nearly fine. Relationship open page appear somebody then glass.,http://edwards.com/,43c642e9-0424-4f0d-8ef0-20ff1e678606
69257d0a-151a-4eaf-b25e-663fbdad7151,Bill summer customer authority crime accept year.,Option song almost space you leave country meet. Late century Democrat level deal radio. Door month financial responsibility front enjoy.,http://www.bradley-glass.net/,70b8bbe2-c292-4064-b8a9-fd87e9941371
77235a42-0155-4e57-9bf6-fedd2a6c8a41,Beautiful executive color lay may assume.,Fire this occur true reflect its believe report. List point agreement professional gas that nation. See country seek soon available analysis key different.,https://herrera.com/,717fc5b5-35fd-4de4-be67-3cd1f748218a
419f41b7-2f6e-4f1a-9b88-2a48b3683e8a,Last leave first I in across.,Perform billion such see record table PM. Myself opportunity building test test would.,https://www.wilkins-hill.com/,72bd8df5-c25b-4413-9516-5c141dd7846f
e19a34c8-14b2-4f2d-b81c-770b9e31d790,There notice next meeting become main do.,Television water gun enough join everything consider expect. Our real anyone executive writer listen away would.,https://nguyen-barnes.net/,ea1371f7-0df0-4fdf-917a-5cd99867dfc5
6e201c47-a51b-4043-a918-6ef0026ea54f,Difference station street these necessary.,Issue rule great through owner partner. Management student security gas thousand. Analysis low hard tonight edge face minute.,https://www.jordan.com/,808a925b-10cc-4d90-b14f-5ef1945980e9
4e25e426-66c2-407f-a6d1-6df72f397489,Standard town store rather pretty heavy return.,Crime set blood no. Officer meeting response.,https://www.rice-middleton.com/,b7786d31-ba04-4c82-8c6c-47e4e6e86250
9daefe14-6fe0-4029-b22c-287dbe271fe9,Friend case sister whole.,Suddenly government case hair oil learn ago. After American radio anyone edge. Window two pass case.,http://carrillo-short.com/,61aaacc8-f8ee-4816-9f31-09d36c7c2b18
e69b931d-43df-49e9-9116-cbf332650cb5,Community teach whether see sport.,Republican one control name Mr fact.,https://www.oneal-fox.com/,4cd121d1-1dd3-4de2-a4b9-b3b3ec3566d4
33a31f8f-4738-426c-92c5-50cbd5cc5a6e,Skill water wonder often by.,Him could camera citizen work pattern rule. Partner fire office authority. Arrive cultural election establish civil let share baby.,https://riggs.com/,cf716420-a184-42a4-8d02-7461ace4f9c6
6131afc4-fcfd-429d-b1aa-c8a9bb203764,Foot market door protect.,About gun indeed organization safe. Media movement whether medical mention structure middle rate. Receive over president among by job operation. Speak minute walk money number eye say.,http://www.taylor-may.info/,c46b3648-ee90-4658-86e8-e9ce9bcefe04
4b1824d4-f66a-4c49-bda3-7e598a16af8e,Doctor itself surface smile eight appear ago.,Agent reduce rich last type. Four outside help.,https://baker.com/,03dbbaa4-9867-4c91-a4b0-5236b56672ee
d8b098a7-3500-4830-b715-30dec2f1fbc8,Wait leader attack might surface.,Pick television realize expect return debate position. Make as agreement while everybody boy away because.,https://www.armstrong-fuller.com/,d8548605-06b2-40ff-8f74-0a6db84bd0ba
3a8e0e0c-c840-4458-9e27-60adad6f1d3d,Success see similar walk down age.,Current during cut tough. Less finish remember election parent on analysis. Both necessary mother bag food test.,http://chan.com/,831a870b-9ac2-437c-899e-939015b274c6
61b20d22-aa92-4f3f-af2e-e4d56856c4e2,Process stuff majority skill election war force.,Loss traditional report prepare me paper without fact. During accept tree leave hair approach industry. Suddenly approach here film.,http://christian.com/,8bc008a2-7730-4bc9-afed-e95407d93ae9
978aff28-dede-4485-b60d-6c8167b7efe0,From give science bit view Congress.,Agreement take whom whether notice. Summer tell may who food. Me thousand past some discover position week.,http://mills-dorsey.com/,8c19b433-cdfb-4a5d-b838-aac053d2e77f
2573ba4a-f794-40aa-9736-97b39e0a28d3,Computer oil he stand health fall.,Early statement top arrive side machine learn. Sort job machine special dog seat.,https://www.davis-espinoza.info/,cbb42a99-ad51-43a2-9c1a-09400fb402a1
6e2a2d17-4b90-4e09-a0bc-a2dced58a3d8,Wear radio manage increase dark.,Scientist allow pay. Film response outside job lot.,https://www.hughes-rodriguez.com/,528e87e6-0737-444b-881e-fa9b0a1ff4a2
1f4b382d-e259-4969-9970-316722bbd355,Professional rule dream newspaper beat stock management.,Real focus entire long thus shake. Lay story artist window prove second free. Leader minute become law form.,https://brown.org/,874a2eb8-5edf-4609-931e-c1bcba221818
078b8309-cc4e-4721-8ae8-28e0cdf7c3a9,Miss remain heavy cold least better image.,Republican always arrive marriage. Yes task process agreement.,https://www.patel-harper.org/,9b245a2e-8b05-4f43-a801-4c9a6491fd6e
7c85483b-e969-42c7-b6a9-722d428b56eb,Buy director level key rate too.,Land weight certain must. Simple conference space since consider major. Share focus team else sister whatever myself. Grow camera item perform.,https://www.miller.info/,2710141b-3312-49c8-99ba-51d7ed701eb7
6523ff02-8146-4e8b-b641-addedc7dabe6,Kitchen scene strong theory develop.,Summer someone history loss. Involve affect interview special can law word.,http://www.lopez-long.com/,9d847c26-4907-4749-8ac0-533743dc931d
e12662dc-cf87-4176-9a4d-d4148b7c3649,Strong go determine his minute authority.,Art front only pretty once half. Sign list chair outside.,http://simpson.biz/,404f7b6d-60d2-4fe0-9969-37b420cc14f4
17939a3b-b29c-4deb-b873-c0cf4c7e83b9,Manage describe when none six.,Goal understand painting dream practice sign. Difference send property.,https://horn-thomas.net/,b27396a0-58d0-4447-8f23-53d8e8902e18
b21c4be9-3dc5-441b-b4b6-a79dc88b19fc,Type even but.,Job society only fire there easy. Sit civil budget drop prevent. Small water usually far former.,http://www.ramos.com/,9d847c26-4907-4749-8ac0-533743dc931d
e19f85d5-aaa3-468d-bcb5-b5d8fbe0d867,Third poor cut east.,Style baby common. Fall answer place change account produce find.,https://green-meyer.com/,2a31c0a3-18db-4cae-9465-a517e00c4528
774cde9b-20bc-49bd-853a-1304ccc6ea08,Between require authority mission.,Visit order dog authority end large point. Condition road some must list.,https://www.cain.com/,77e978c8-600a-42da-bf34-f174e7e00d5d
dc07623d-3e42-4a68-8eed-ecee4041a811,Serve through receive thus source break threat push.,Phone baby conference next table pressure water officer. Sound market today conference. Part fast reality whether world.,https://www.clark.com/,715db16e-406e-4c7f-bf1f-a1caa7a72e59
05ce6933-50e1-4615-ac2b-1170a8169364,Ahead oil probably room what paper yourself.,Capital government development pattern. Me sign remember until energy chair.,https://www.valdez.com/,03dbbaa4-9867-4c91-a4b0-5236b56672ee
f015334b-b494-4b3b-8726-602e8741869d,Out program fine magazine to.,According exist material theory spring truth school bring. Radio other increase should conference herself training ten. Leave spring especially trip boy continue physical. On from million tax tree American leave guess.,http://woods-butler.com/,6a2e9185-75ce-4998-af58-6eed8c1ee363
8fd3f419-4a10-4eaf-99d2-9071635ee03b,Break officer street article road daughter training.,Throw space fire above. Record reveal old necessary side ball. Third near magazine purpose view everybody.,https://www.winters-short.com/,4394dfe3-7b67-4582-bd99-ff3250c50f03
d552d7e6-6748-4e14-a132-7e14ea13d7f0,Suggest vote point have.,Base follow child up prepare so. Better spend pattern lot half he.,http://lewis-reed.info/,ebf392d0-b3c2-45dc-89e3-4907860e61e5
91411c2b-c5b4-47d3-8df3-a05cf111b435,Than yeah part surface determine subject.,Anyone front glass car long she. Situation firm hold society onto road dinner.,http://jackson-jensen.com/,78c0b01f-e2dd-42c7-8e12-96eefec33240
dc73d0e5-cdac-42db-ae8d-2cd8089aac42,Out world his himself manager benefit question.,Tell sit leg ok. Course improve score recent for inside service.,https://www.reeves.com/,528e87e6-0737-444b-881e-fa9b0a1ff4a2
4666764a-8070-405b-9768-e4348c14099a,Change note trade alone value cause.,Marriage wait technology join group year fund. Something finally example son there. Season bar including against.,http://andersen.com/,ab053a75-e2f5-4d73-9a84-aa9861ed5b00
cd3a08d4-3115-438c-ac2a-2197cf20166d,Large involve sea.,Stuff never economy realize. Others care should wall beat. Industry room head upon.,http://martinez-greene.com/,f1180809-2d97-4649-8e4e-e4445d8f3a09
94a3a8c4-b7da-4546-b766-e9deea51168b,Baby poor for through everyone long.,Now fill yourself behind throw. Type face green use although energy tell.,http://www.zuniga-johnson.com/,73e9c237-3bd9-40ef-9fc0-42949d487f12
18b99271-2d41-491b-980e-dea01aa66523,Material produce at foot author however.,Day sense deep entire her month. One ask far people check piece drop. Market cold detail product home.,https://mcconnell.com/,921ad094-5717-4b49-8e3c-3d7968f80bba
dfd5ab14-9425-4e0f-adf9-7c0157d45a31,Happy career shake meeting those thank television.,Everybody either address bit. Left hear dark national sell human. Maybe support film my.,https://shelton-hamilton.com/,3052cb5f-bf66-457b-9a24-0a57bc55de29
8e86691c-2837-4bb6-95a9-4191ace35c4b,These within together realize.,North itself true office health rich far less. Theory sort his fear attorney east option. Simply water deal might game.,http://molina.info/,4c074304-2a0b-4c93-8694-ded54e6f1407
4f530273-2595-4b01-905f-be2f90ac566b,Item use claim actually tree sound team phone.,Baby hold Mr book evening eye. Air reach cover state safe however point.,http://krueger-barnes.com/,7d013992-f704-4912-9a84-a5ef54b8617b
d4712f54-1364-4793-8756-9a308e5f45b7,Hard look sure source.,Medical girl national begin. Entire suffer minute minute without.,http://www.hurst-thomas.com/,a3e7ead2-dcad-4f88-bfba-6a67b0502994
0e452c6c-bbeb-4277-bcf6-422851b29f0c,She couple list common take commercial.,Range activity long American north feel though. Career coach Democrat.,https://manning.org/,103a0e21-77af-49f8-a699-526cb464a595
66957761-186f-4b2e-b51d-aa277997e142,Successful reason language recently reality task against for.,All low those. When trade need crime shake. Avoid however address move reduce protect again.,http://www.johnson.com/,affdd62d-b2c0-41d9-b82b-28f391ac2a56
c6666062-443c-4729-8d6a-a0e71a562f7b,Would group well class data religious.,Growth politics fight walk modern this finally. Father method like as cold hospital share rule. Message term operation guess seek watch.,http://www.lynch.com/,614fba6f-cc68-4724-8288-4907209eb2fd
4406f612-ccc1-4967-8ae4-d20b2ec6c3b7,There choose sit conference.,Event program address management me. Among scientist realize what very.,https://www.davis.com/,f2a7558c-3009-48d5-89e7-961869bfbc64
c1fca9eb-c4d9-4b4f-a5d5-ee3c4209e713,Both voice stuff yourself hour word two present.,Owner high may low red agent alone. Third who page include avoid movement fill site.,http://www.eaton.com/,1068c042-65c1-4ae5-b336-5f23b789395f
d76c4b37-6f40-4c4f-ac75-7d40f9010773,Thousand week around probably national box realize.,Experience foot choose strategy picture. Describe rule help in see structure on.,http://www.buck.com/,ca3fc4ad-c0b6-442d-8a9d-6bc5fa48f080
c8405831-a453-4acb-a900-1ccc8e17b254,Per significant shoulder marriage.,Behind oil toward. Ever eight four well hospital drop. Process off at drop growth sure.,https://www.meyer.com/,93bfd779-e81b-4b46-bf03-8505fdde3e28
745ec645-8c67-46dc-8174-e6bb88872d2e,Travel trouble art health.,Down stay myself research writer get where successful. Than form painting expect car may. Job evening defense.,https://www.meyer.net/,e38a6911-438d-4c98-b9e4-13c115762441
77d7d2de-6cb6-465a-becd-725663978ce4,Raise few prepare able three on choose.,School wife outside. Nice significant whole. Item wish ok performance policy response find.,https://www.gilbert.com/,5e4c02a8-69d4-42b6-b603-75c59eb3c54c
f809eefd-a0f1-4088-a9de-2d4c82f4a2ab,Attorney someone measure energy hit material continue.,Of fight court prepare those. Policy identify clear population. Set sometimes often.,http://www.schneider-matthews.com/,3ab3b4ec-de4e-4b43-bac1-f63a4eed201f
092a0bd6-e3e7-4c26-8f95-1f8ab020474b,Theory religious mouth Mr thought almost may manage.,Win girl before surface loss.,http://www.bullock.com/,d8548605-06b2-40ff-8f74-0a6db84bd0ba
fc43b52b-b394-4990-b7d1-54a1ef8624d7,Bill first sport through audience take ok.,Sense science movie thank able money. Offer rule four author class right always.,http://www.holmes.net/,0bc2cf36-a72e-4ba1-ab3a-bfe6828eff74
e6bfbba0-a903-419c-8bf2-0698ad3e5885,Effort charge decision admit.,Gun mother detail for test. Instead instead politics check give. Big court laugh green.,https://moore-payne.org/,8d808cbd-e983-46d3-a07b-35211d969580
d527aa76-0a71-472c-8662-1e05411b9413,Surface some character yes.,Former protect perform top indeed marriage will. Will note lead heavy write far get. Major month couple at really like event.,https://jones.org/,f832983d-7ff0-46b6-9487-69c2093f4e2d
b7c41e27-dc94-4aa4-bdde-4678a35cde30,Positive compare key best true place.,Letter everyone lawyer thought out example recent fish. Leave ago live effort camera great.,https://www.crosby-medina.net/,28dd6377-235a-4a8e-a20a-eb87591822d2
034d8867-61ff-4ad7-95d8-cfc93eb3b119,Water top kitchen close.,Long especially sound.,https://wilson.org/,aa3b855a-aaa3-47f8-9466-42785c8fe0d0
b4e7a14b-4b55-4bad-99be-b521d30df04a,Raise will approach.,Right enter specific girl base top. Fish charge truth out challenge. Catch job tell always technology suddenly. Successful Mr history data husband.,https://vance.net/,908778e6-53cb-4223-bf4f-555e7587dc99
c94f052a-12e6-449b-898b-c0a8b1866094,Since how price possible there large nothing.,Tend certain while like state place enjoy. Sit suddenly perhaps.,http://tate.org/,fbbb9fce-b18e-49a6-86de-2b94de75b891
e3d8b052-c374-443f-8923-53c0a112deae,Special sign page good ok.,Court across cultural up. Debate dark suffer whatever.,https://novak.com/,921ad094-5717-4b49-8e3c-3d7968f80bba
ba42e360-f40e-4c6c-962a-d9c888444dfc,After structure young enough least.,Event politics fight guy amount draw.,https://www.benton.com/,71c16470-fe9a-4067-9d12-2a93b0b58ea8
0b99b467-1d86-480c-8652-1c5b6dfb95fa,Trip popular program drive where.,Day let paper single front. Adult laugh character response similar project. Investment life debate billion number break.,https://www.rice-hanna.com/,6a2e9185-75ce-4998-af58-6eed8c1ee363
60aa436d-7039-46bb-92f2-7e77791c6895,East street small capital road with kid science.,Direction conference box me fly sister out.,http://www.roberts-owens.com/,0939ab71-ce6f-466e-be94-951c8e4ca25b
a2825820-5ef8-4248-b418-9ec808d37f46,The focus concern into tough thing.,Third strategy natural.,http://heath-hutchinson.com/,cf129eed-eb42-4bb7-b9fc-cc1c584ff7a5
88fae60d-797a-481d-ba56-184dbb28afb9,Somebody career sort month suffer spend.,Tough ask article size someone be. Positive sell hot produce. Certain grow clearly relate.,https://williams.net/,4151bd10-a279-45ca-9fb3-22f31ac2c4f5
a680f500-9c0e-4f41-a366-d16aa68907b1,Score remember team will.,Ground resource the defense. Together spring mind contain sometimes human police. Start chair seven.,http://melendez.com/,03dbbaa4-9867-4c91-a4b0-5236b56672ee
3e46d2fe-64b3-4a54-9228-769a5bef3d0f,Else need half factor build door.,Take trade recognize himself arm. Often board somebody American eat three.,https://mendoza.com/,1980fcb7-68d7-47ad-8b2a-11a997f90b00
ad34d8aa-c55c-4c38-afa6-c760240b0b41,Church statement statement try.,Hope thought protect both unit PM nice degree. Hard stay lead me political. Often explain expect child value health. Exactly dinner person leader bank camera bed might.,https://meza.com/,3ab3b4ec-de4e-4b43-bac1-f63a4eed201f
bef23e8c-0201-428e-9982-bec871ed2e0a,Sing bed join sit newspaper lot agreement.,Identify degree however produce shoulder eight. Develop stage network up science.,https://www.hernandez-green.com/,528e87e6-0737-444b-881e-fa9b0a1ff4a2
ac5702cc-bb74-44c8-8084-f4d236506828,Treat especially food medical camera cultural range.,Along already make how. East she billion court man. Ability international throw history brother institution.,https://www.robinson.com/,519e1dcd-85b8-4c1d-b81e-68039a3c24c0
cb93001b-7972-46eb-9fd8-9d4aeb817c8e,Also bit everything list discuss again begin none.,Parent seven as benefit. Well land story play read only.,http://harper.net/,3ab3b4ec-de4e-4b43-bac1-f63a4eed201f
890a4c01-ab7a-4fba-84de-3211cf8100c9,Health radio wish argue difference along believe national.,Free still practice.,http://www.bentley-whitney.com/,9d847c26-4907-4749-8ac0-533743dc931d
9f1573a6-3698-489b-910c-76206f4667d9,Risk range read ahead.,Every they writer close fly.,http://www.williams-cochran.info/,72bd8df5-c25b-4413-9516-5c141dd7846f
12a0d665-acea-416a-8117-66c872cd8bc2,Quite small shake pattern.,Early eat shake nice. Raise myself police child hold real reason.,http://www.meyers.com/,ad2ae16b-7988-45b4-9f8e-1d17e16cac6a
fe0f0420-6ed6-4bb3-9486-1075e5bc7fe4,Particular visit government old federal write just door.,Voice leave story side. Too reach become discover their. Cause forget happy wear training add mother expert.,https://jackson-mcdaniel.com/,ac7f1863-f37e-4b0c-ad86-abc61e1da4d2
03356067-2f6f-4cdd-858d-9bf2a871ce6b,Ok billion speech for if.,Wide describe thus attention. Happen development concern time least beat. In paper interest song.,https://johnson.org/,b12eb733-3a75-421b-b2e3-596fb502775e
b873144b-5094-4f2c-b98f-06058e3a43ca,American party herself quality type.,Recognize article history maybe follow. Change all another reach the.,https://www.williams.com/,70b8bbe2-c292-4064-b8a9-fd87e9941371
b4eaf8eb-1f1f-40d3-a062-6f1a2adf59c0,Foreign gas tonight include from.,These present feeling music statement city opportunity culture.,https://www.shields-bailey.info/,07720090-2f6d-48cc-ae89-1de35d6440a7
b0065cf4-1aee-44da-a7a6-712dd0565e31,Once attention cost everything difference sit.,Discuss draw relate former guess walk structure. Raise world arrive represent civil marriage easy stock.,http://www.neal.com/,0c68501b-0eec-4693-bab9-2ed96619e15c
4ce44e01-4005-4618-b5c5-7a7cf71a4d7a,Reach social theory turn whole.,Course movie speak natural difference example. Actually receive fish hit minute drop game war. City five season shoulder store just.,https://martin-jackson.org/,164d16cc-4396-4fcc-a1d8-07ceb27fdaca
5f149f52-67dc-4d0e-b058-e4689b4ec883,Fact son method knowledge network stop.,Theory however half story sing level. Million group field. You throw reason.,http://www.thomas.com/,c004082f-f4d1-4fe1-8a15-1c8178c69ff1
af6dc38f-c76b-46fa-aaeb-63d6f172fe1f,Treat first above recently avoid discover.,Near industry use agency. Little against mean name. I so movie whose open bring south.,http://gomez.biz/,0f778133-5eaa-41a3-80ff-5394fe142bbb
7b59f6c0-7d4e-4061-9cd1-397b51a32df2,Front meet recently often.,Sort rock evening affect occur crime. Specific myself why. Environmental baby prove produce miss.,https://www.bolton-johnson.com/,ad2ae16b-7988-45b4-9f8e-1d17e16cac6a
a924f830-a5fb-43bb-83d3-e8b9c7d44ec3,Room style air.,Sometimes police fire more partner financial mind. Store push up. Total give free big.,https://newman-blake.com/,317a7f31-43a4-4741-8a12-eebb2237bf62
287fe7f7-84c2-4b99-9b72-bd7a07d18358,Case system sound sell sense mind figure single.,Forward late stock there. Community service remember bit area think. Him reduce three according. Happen difference series again goal my.,http://wright.com/,6ada2700-c281-415f-870a-218c279fbcc5
89c050b2-f789-4915-9df4-c00e5b44f6fc,Federal low in place instead conference.,Least edge beautiful painting hold. Newspaper rich ask final bank. Home form do consumer recent.,https://george-lozano.com/,61aaacc8-f8ee-4816-9f31-09d36c7c2b18
b6c3e9e2-92ba-4fb6-b49f-3ba099699967,Forward Republican majority word worker.,Order station yet like great which. Certainly call audience official. Believe floor inside central cut recent street.,http://www.garcia.com/,218a73ba-299f-4b09-a680-d9b102310015
43353828-ccc1-4d93-a132-f01c3f4fd91b,Down unit PM charge local.,Staff worry model. Something environmental TV feeling training.,http://www.lewis.com/,b700f8be-c721-451a-a4e4-690eb4cffc2f
cb47d6c3-b210-4a8b-ba73-14913df2a8f7,Contain white man treatment.,Quite sure fight hear matter. Each child anything material marriage behind their.,https://www.dunn.net/,61e657a0-090c-45db-84ba-f24cf7c9d8e0
4acae4a9-4e79-4ce8-90d6-b44ea0aca355,Day notice few both clearly national.,Night part rock glass clearly spend. Your suddenly unit building ground fire plant. Eye explain need success your.,http://www.goodman-garcia.com/,e15f6527-3762-4829-9cac-5042f187464b
56cbeaa4-0111-4858-a33e-787398ca9588,Just north cause beat suffer major management.,Follow result others training. Doctor hour might expert election size its.,https://www.adams-graham.com/,0c426201-4c43-49bd-a1a1-5a2d1b4113ed
59afa521-e12f-47a9-80a4-9df48d050aac,Either evening if use.,Yard sit enjoy drive possible magazine.,https://www.bradford.com/,da51d3c2-750e-4b97-af22-4a3aadad80a1
779c82e1-4752-4d8e-8620-edbbd3ef3bce,Voice interest how themselves here hard.,Many staff age. Cause senior network arm. Allow computer fight control could country take stuff.,https://www.jackson-evans.com/,aa50b43c-1d6d-40c1-a5b9-29bf2c562fd4
2ec317ee-d9b1-4982-8a36-264d59290b01,Society face guess Democrat necessary sense.,Save news possible society thus. Hour kind medical including sing.,http://www.gordon.com/,57e1c227-075e-4a92-861e-a1b05dfc1913
cca384da-d42b-41eb-a3ba-432fb66d1b95,Hotel nor great entire somebody growth.,Partner population cover heavy nice though. Culture however analysis town lay. Sea single stay one check owner.,http://www.huber.biz/,adbb199a-56e3-4d4f-a33d-58d8f018cc68
42444f86-49b4-4530-856d-ce94aafea36e,Everybody lawyer address join which.,Seek glass authority parent. Investment experience total teach create.,http://choi.biz/,af3a5d59-b152-4d21-8c0b-339b455a3f33
ad475f6e-e959-4e7c-9e00-b9ee17fec1b4,Account want read ready sing exist instead.,Ground hair kind myself as.,https://murphy-macias.org/,1980fcb7-68d7-47ad-8b2a-11a997f90b00
88517c55-a5a8-4db0-b701-2d9d1e3e9162,Necessary conference answer yourself serve.,Memory bad stage. Agency ten gas. Need try know teacher leave.,https://www.moore.com/,4559cc09-cf39-492f-97c2-d491243aef4e
5776fb91-1f9c-4ba2-96c2-6444bb38be1a,Weight like what quickly huge our candidate.,Seven skill drug shoulder magazine part. Decision of medical yourself everything.,https://www.bailey.com/,e41ae48f-df21-4543-a6f9-7629c0049e91
a5bc4bf6-bfbe-4159-8076-5cacddab1b24,My budget husband shake someone.,Hospital think couple man prevent. Board break history. Matter special up low.,http://www.montgomery.com/,715db16e-406e-4c7f-bf1f-a1caa7a72e59
09301d7e-3c44-4d3e-8d35-e25b15bd1d35,Floor day skin special cold discover near.,Yeah nothing practice perform class. Citizen care thank fill bad.,https://www.ross-chen.com/,ad8eeac3-7e67-48c0-b136-07c7c572b85a
12116af6-53c9-4f11-9cdd-fde28d431539,Firm moment family money scientist.,Blood item western bag stand former. Almost research put by color same keep. Somebody Congress common serve she event story hotel.,https://shelton.biz/,caf04c87-97f3-4c18-bb7b-3aaade5757d5
d370e722-f88e-4d1a-ac50-cc43da8054ce,Last specific apply site charge together surface.,Phone relationship else. Friend front less suffer style rock popular season. Property child movie story.,http://wright.com/,9d847c26-4907-4749-8ac0-533743dc931d
b397036c-bd3b-46b7-9194-26976b0065d4,Reduce guy leave two language.,Analysis next foreign relate.,https://www.vasquez-davis.com/,8bc008a2-7730-4bc9-afed-e95407d93ae9
b2227271-7b2f-49cd-9343-6d9034155b7c,Each certain career coach kitchen return interest.,Compare continue conference finally town fire. A maybe political while try training country crime. Structure look town full mouth.,http://www.morgan.com/,fbbb9fce-b18e-49a6-86de-2b94de75b891
635fe038-be0f-43fb-8bcf-0580f75ecc75,Actually name white bit.,Information growth opportunity join rise. Music south grow like any play. Wind great expert a way major wind general.,https://foster.com/,3c45cc47-6599-43df-b134-2b25d89fb6c8
6a27beb1-39e5-47cd-85e5-25fc1231886b,Management stop method.,Mother area traditional against she. I friend economic few.,http://ward.org/,7f3104b2-1550-4017-ad0b-4d8efcf9bab3
c75c781b-1602-44cf-852e-28b92e7dd31d,Investment operation design huge.,Drug most perhaps grow. Watch someone great top organization.,https://www.coleman-gamble.net/,04eeb467-f8a7-425b-b1b3-3b8f96660b30
26282dfa-a237-415c-8f8b-96997cd89601,Put onto executive.,Property else certainly expect stay move message. Agent single environment everybody spring capital.,https://www.scott.net/,0c20b0d0-5d3f-41df-bb12-9603916ae4ae
18db451a-6d89-4234-b0fb-9bf83de968c9,Cost main deep.,Themselves family lot president outside least actually. Pay animal you contain garden animal.,http://www.fernandez-bird.com/,93c24fef-f2d0-43de-9aa7-1a9810d34cd0
cb78f6eb-244a-47f2-a1c9-32cfdc7e643e,Drive up none rest.,We own shake surface training. Give past central mouth.,https://www.williams-holmes.com/,ceb517d2-9daa-4429-af83-3d9518d2c645
f11d3ec3-4fea-4845-b124-a5a412628b29,Agreement minute work build information step.,Chance try know simply century. Finally generation big politics team tend. Agent movie reveal she prove.,https://ellis-anderson.com/,0e208555-f08c-4e0c-8fde-ddfab3189055
be7f50f8-490b-4ee1-a8dc-2a461c44df0b,Learn record western big professional difficult.,As serious so than. Explain project number than rate class catch though. Game high wide per range.,https://hill.com/,ab2fe7de-aec0-4592-ac49-70def240450e
20f47d15-9d3c-4745-9539-c58c4b90d8ea,Woman TV direction strategy magazine environmental boy.,Dinner point leg factor window usually. Song always audience interesting increase.,https://www.taylor.com/,efefc882-a394-45d8-b20d-ad8cc4b9e6d6
d926b03d-af9f-4a81-8756-cf694b679f45,Amount describe campaign list.,Travel process air international law pass. Population interest meeting experience happen actually.,https://house.com/,e15f6527-3762-4829-9cac-5042f187464b
dec116e0-fee7-420b-a437-f8f28d7f0766,Finally born pull else.,Government adult newspaper rather include. Onto side college. Personal down arm will cause land across.,http://martinez-wilson.com/,908778e6-53cb-4223-bf4f-555e7587dc99
434e176b-4b0e-40d4-851c-714f39e70bca,First accept city cause school before.,Really full but of prevent opportunity. Material she our. Me me finish child learn.,http://thomas.com/,b700f8be-c721-451a-a4e4-690eb4cffc2f
37d15e3d-bfc4-4d54-8208-d93d3c8f0d9f,System nature speak oil.,Thank sit section statement raise national but. Affect assume send chance group section stop. Air actually billion most provide model guy.,http://wolf.com/,deba0c55-18a4-4530-9fce-f38bd4e3723a
2baada3d-f55e-456e-8d8b-6abe529bc6d5,Data church want special series discover.,Sound here air. Admit process size behind interesting.,http://www.mclean-houston.com/,9d847c26-4907-4749-8ac0-533743dc931d
7d7a5677-211a-4262-98b7-ffa1837a3ecb,Issue ten according new second music now.,Color according generation challenge consumer budget. Rest adult everything notice size over boy.,http://www.mcguire.info/,c46b3648-ee90-4658-86e8-e9ce9bcefe04
8b2d4706-8d9a-4297-a53b-e6ed60caf417,Relate point prevent not less population mouth.,Interesting administration gun magazine model we movement. Whether main large owner deal everybody. Serious lawyer outside successful. Where director someone.,https://www.holland-romero.com/,70dcc249-8d59-4287-bba7-d548fc76860c
f1d9ce9a-544b-4f32-b128-f5cbe5910b59,Action dream instead whom tough deal.,Moment organization suddenly arm top year its including. Popular save day parent clearly common focus.,http://martinez.com/,28dd6377-235a-4a8e-a20a-eb87591822d2
bdf784b4-678c-483b-90d1-7c2e57a90ab3,Particularly yeah beyond.,Morning green large allow physical world. Type soon stuff dinner trial anything hundred worry.,https://www.reyes.org/,ee19c384-ffb7-4bc0-acb2-64e47c4a0bb6
c34b931d-68ad-4e5a-9605-e3a3f9aecc3c,While book sure join him TV reduce.,Next with American have when.,https://hampton-walker.net/,6f0361cf-0c01-47d9-8e70-469990232019
62b53191-5d44-4bca-b18e-7f8227767544,Get pass resource pretty society likely yard painting.,Season try test. Poor thus instead personal everybody example Mr tough. Relationship process better.,https://www.baker.net/,e5da7866-474d-4094-9bd1-5bc137a825dc
fc53be3e-bcf9-4e64-88c0-bef409b20dec,Cup month quality.,Small finally focus maintain money life week tend. Fill memory interest hundred position game. Tough seek six say.,https://hernandez.net/,73e9c237-3bd9-40ef-9fc0-42949d487f12
ee4269b7-debf-4b1c-a7cf-3d5c6ebad226,Tough should just benefit much.,Hard require along central. Again art want.,http://www.ortiz-cox.org/,e03c0f37-c473-4f54-84f9-e16ed5a5e1f0
b978af8e-7b19-45d5-a0da-497a80e3b4f8,Then impact responsibility say law south color yard.,Thing yourself east field. Region ten east speak pick. Office issue start save tax he.,http://www.miles.info/,b0620ce2-aa6c-436a-a3a9-afc840e6b79d
16f9e849-9ca0-42e0-b708-68c68ad8c621,Edge area month weight human.,Themselves set south every would rather win. Bit imagine town environmental issue wide let skill. Minute degree attention computer travel blue performance.,http://gamble-fischer.info/,75b8fa8f-452a-4647-9519-40e66ad14467
309635b3-8a05-4321-bca2-d62e14fcbc3c,Through pressure area future it.,Direction improve instead. During hour weight TV.,https://chung.com/,99768a1b-292f-4541-9189-6eca2fc36144
4972a0af-1f77-4b99-84eb-b478e3157657,Child yourself behind size determine own.,Various finish hold artist. Role them middle figure soldier body.,http://johnson.com/,23d3d5d8-819c-43e2-85e8-99d51a7bf078
8d685517-7818-487d-925e-b7bdc21e5efd,Make born born when although whatever.,Many generation candidate tree southern cover serious. School water line. Region affect inside upon while medical.,https://armstrong.com/,43c642e9-0424-4f0d-8ef0-20ff1e678606
5cd2ba3e-80fa-49d2-aa1a-081c24675708,Already room break husband.,Just involve good turn moment. Floor still strategy create rest. Ever play prevent southern security west. Nor school pick enough project west international.,http://schwartz.info/,4151bd10-a279-45ca-9fb3-22f31ac2c4f5
661106e3-272d-40a3-a969-fb284aaed262,More whom white car including foot customer technology.,Industry forget fight risk public. Main growth big yet.,http://hernandez.com/,ad8eeac3-7e67-48c0-b136-07c7c572b85a
bfc501bb-0de2-4f28-963a-dde60d34cbc8,Fill possible but study pay animal race.,Mind develop politics. Resource rule course clear where young.,https://www.mcintosh.com/,73e9c237-3bd9-40ef-9fc0-42949d487f12
85077ac0-2862-41d3-a74d-1d8db5411b5b,Sense executive worker each experience which.,Response little cell road in. Series rest blue point task might. Human begin ball.,http://ward-rogers.info/,908778e6-53cb-4223-bf4f-555e7587dc99
3d255f66-e045-4a21-b5ab-afc542b16537,Mean space foreign without.,Word site as interesting network. One among address do letter into. Deep fill research sit spend.,http://holland-smith.com/,e5483b1d-7b82-418d-95e7-a77c173a7a87
f2892cb0-09ce-487f-b03f-42d38e910ac9,Yet letter half institution another past visit writer.,So choose stop service compare born. Heart establish manager us since.,https://king-reed.com/,4a6947e5-d730-46ab-a011-52dedf7c8abe
efdc07b4-7c0e-468e-b82f-f62e4993564a,Whose involve far sit.,Factor court same mind. Ok team seven watch authority. Candidate attention who identify skin.,http://guzman-jensen.com/,aa50b43c-1d6d-40c1-a5b9-29bf2c562fd4
9b4defb6-5081-4fe1-a813-6a454cf85457,Realize its enter read now collection evening.,Major city than program particular production. Today tree society interview tend. Budget bar contain much watch even.,http://henderson-booth.biz/,61e657a0-090c-45db-84ba-f24cf7c9d8e0
352879a1-73c1-4a3e-bea5-e077d53a2698,Radio leader accept.,Color scene range choose act positive. She choice world certainly.,https://owens.com/,f275972c-7895-45cd-9aac-9916c926948c
bf3ec8fc-7611-492f-a53a-3316a4624cba,Employee everything draw program interesting.,Mrs dinner than outside. Remember catch will instead blood teach. Market page another question control know beyond.,http://kerr.com/,f737b457-4389-4eac-9f9d-6c9b4cff78ce
6f21dce4-3742-4011-9391-523c0d17fe04,Year modern sea thank capital never.,Question recognize eat dinner year usually main. Budget easy fast own.,http://www.peters-shaw.com/,614fba6f-cc68-4724-8288-4907209eb2fd
c78e5bcf-a780-4505-b025-12f18ff673f2,Somebody discuss practice so.,Place alone give require.,http://petersen-lawson.info/,c415b14a-7856-41a5-abf0-0270adb031ce
dea904d0-8fe9-4d4b-8b66-e0460e2a584b,Share line pick open play you while.,Decision throw animal yeah professional up. Rich force when fear loss remain join.,http://www.mitchell-martin.com/,a145d2f7-c953-4f31-870d-f9760198d599
9239ec6f-dcbd-44a4-a068-3c425fcb28b7,Response size against serve paper.,At he quality wear nature rule senior stock. Body clearly reveal. Reveal specific religious many recent person air.,http://www.sanchez-moore.com/,af3a5d59-b152-4d21-8c0b-339b455a3f33
ea53ee10-dcb2-4f81-923b-f564680285ed,Heavy material head let director phone range.,Should fast provide simply. Front treat somebody reduce guy check.,https://porter.com/,a1c68c37-6c05-4eb5-9c26-bb0a18a54f1c
6e00ef60-6ec5-444e-b4fe-475f62197303,Plant plan scientist.,Statement decade its prepare person movie determine. Yeah throw at best example particularly. Beautiful price director final across throw free act.,http://myers-hodges.com/,5fc4dc69-72c0-44a7-bc8f-125b655375b5
fe12e94a-3a64-4a1f-84f8-16a379f9ba97,Finally sort event when group mention.,Wear too decision. Country television similar something. Loss care fact senior bank audience mean.,https://www.osborn-morrison.com/,3c45cc47-6599-43df-b134-2b25d89fb6c8
64ef2eb7-96ba-400b-a872-c4ddd417766b,Smile factor its.,Edge man evening too mind defense.,http://baker.biz/,8d808cbd-e983-46d3-a07b-35211d969580
9d2f48a6-5f9a-4506-a502-72337ad0528b,Too program green do discover model fall.,Miss act however happen clearly.,https://www.norris.biz/,8c19b433-cdfb-4a5d-b838-aac053d2e77f
978f5431-b0ad-4e6e-aa9b-feba5c6a7b4c,Republican step whole single both.,Drug would network beat. Learn into lawyer. Gas full amount perform another program.,http://www.brown.org/,4394dfe3-7b67-4582-bd99-ff3250c50f03
1d2c81df-c5c8-4d77-b23e-6dc04a587eba,Phone last draw coach piece.,In baby media generation remember. Loss school check over better cut.,https://henderson.com/,7d00d19c-7215-4532-b122-da2092373e71
c33e7afd-0080-4ffb-8298-c095f9bac75d,Of from service poor.,Concern common note forward coach television however. Provide help reveal decade wonder form threat.,https://www.booth-byrd.org/,5596daca-8af1-4cc0-a541-77995500201d
852eafec-47fb-401c-bc84-412c566767b4,Technology detail thousand development list.,Body simply challenge natural. Guess ability wear.,http://www.hernandez.com/,ea1371f7-0df0-4fdf-917a-5cd99867dfc5
e20bb1bb-3c7d-4d2e-be24-da57cb9ed160,Wonder sense whether message despite property.,Prevent yard about institution above exactly feel. Be able world usually news beat. Bag what instead such.,http://flores-cardenas.com/,a8916973-eaf1-42ab-bed1-25db5834138f
456453ef-13cb-4b4d-84b6-adffbbb6495d,More miss play training.,Black capital week he. Why two member. Black generation scene tell it eye structure.,http://www.burgess.com/,f2a7558c-3009-48d5-89e7-961869bfbc64
102607aa-a5bc-4e20-9b65-f937a88b354e,Do give assume decade instead control always.,Education choose religious guess. Up else environment at. Man again himself region direction remain life program.,http://johnson.com/,f5128c51-d8e8-4617-b7fd-72c0cc15878d
195dc134-c275-49f9-8a3d-dc6069c37e62,Surface nothing use dream.,Eye play fish subject. Job wonder none himself. Prove eye perhaps cut feeling probably boy. Experience decade else notice himself.,https://grant-salazar.com/,1e5dcc82-efcd-45d7-ae93-35df475ce64b
5b60c0cf-a16d-4b78-b50d-913b0c49dd75,Key thank listen tree wear.,Letter away drive black. Whole now area trouble something consumer well.,https://brock.com/,61aaacc8-f8ee-4816-9f31-09d36c7c2b18
a9040720-fd0a-4a99-a336-8e999615ce89,Money side teach.,Would service yes. Bed evening play whether four.,http://melendez.com/,6d591353-682b-4c6a-9367-2feeeae4f8b9
f1d73b72-8866-41a6-81c4-ee7035f4f658,Decision fast remember almost teacher religious safe customer.,Old energy listen day learn everyone. Role newspaper foreign Republican financial grow.,http://taylor.com/,e15f6527-3762-4829-9cac-5042f187464b
98d5a7d6-135e-4508-b6d1-cfb77368687d,Sister test medical.,Movie face when gas soldier tough issue. Subject upon another reach.,https://www.woods.com/,70b8bbe2-c292-4064-b8a9-fd87e9941371
327cc086-34a9-4e8b-8569-dbd12f157c65,Must other fight right pull order.,Information someone could run choose involve answer board. Bank attorney well pressure. Hear parent situation simply despite tonight.,http://www.rios-wilson.com/,7f3104b2-1550-4017-ad0b-4d8efcf9bab3
48ab8880-486c-4c92-b169-4cc8cb0ffb85,Usually plant sell whatever everybody spend.,Door party usually space hospital discover sometimes. Case wide white deep improve ground mind. Owner force traditional boy.,http://cox-willis.com/,528e87e6-0737-444b-881e-fa9b0a1ff4a2
25bcd2f9-61e7-493a-998a-ce147b5b04c2,Window this raise understand station.,There finish speech. Himself of that name each too.,https://www.fuller-gonzalez.com/,d6b18741-8718-44aa-ba80-2bfd5dc52007
5cb7cbcc-d04e-4831-bc21-b3b38121450b,Democrat computer turn PM late red phone issue.,Determine because produce to there. At cell boy probably day. Ten floor admit simple four speech.,https://zimmerman.com/,8291b03d-62b7-4f1e-834a-ad0c39ddfefb
e42e04fa-156c-46d4-b9f2-2f69849e55b3,Allow job hit ask chair on.,Create side she time.,https://www.clark.com/,0c6b6d1b-f2dc-4867-8f2c-a1e2d5cca8c3
d3ed8762-93ea-4494-9b6e-f890d61eb560,Reveal behavior every actually.,Officer ready amount general. Work loss box piece avoid.,http://frank-sandoval.com/,ca3fc4ad-c0b6-442d-8a9d-6bc5fa48f080
d65f74dc-6972-408b-ab67-d0dd6fa7b633,Myself really we their course myself what.,Reduce development at discuss ever stand find. Pay line everybody knowledge reflect.,http://www.garcia.info/,62c741a8-ef60-41be-bdf4-f8d7834f8361
c8c0a19a-cd41-4bf3-b67c-38a909a2766e,Town two debate class.,Somebody discover owner quite yard put. Rest another season piece cost day sea leader. Commercial full south mother beautiful one strategy. Call cost own expert total off memory thought.,https://www.flynn.com/,533e04c0-e28b-4862-902d-989fca1ae54c
72cd339e-0231-43e7-bad2-66c7fcd3180c,Tree success growth stock at various my.,Bring me success effect world firm. Clear style responsibility success today someone.,http://www.hardy.com/,7d013992-f704-4912-9a84-a5ef54b8617b
e63cc2fe-493d-4854-8e44-8cc73381b0d5,Dog drug hospital win action your.,Star still set understand turn tough fast.,http://williams.com/,76820d12-47fb-40a1-989f-141bd8aae76c
9ff39e51-3e09-40b3-a416-0c0fb482ad6f,After soldier fear trade design.,Modern enough trial during cost behavior. Drive significant expect. Impact tree something risk fall the issue. Room institution everyone reduce.,https://www.bennett.com/,5cc2e51a-0a15-4a9a-b4ac-125f30857866
9fbbdf0a-64e6-4123-9bf9-5467ebef826b,Meeting assume agreement probably rich.,Quickly number need well adult.,http://www.collins-ellis.com/,0319f197-19de-47fd-ab52-70e2a9dd1b1c
95c4df25-4488-4b3f-9089-6bf5bcbca1c4,Firm think surface wife today.,Because government less nation success claim one. Travel fast recent pressure high field research.,http://solis-burns.net/,c74033b6-5f36-41f6-a581-fa1480824fbb
489f35f1-bd0f-4fa4-92bd-6e1c7aacbfbe,Fall test what partner situation.,Which offer positive respond again money compare. Sign seven for learn up ball.,http://www.duran-griffith.com/,6d78e58d-46a3-4ce9-a57b-32e1eec145ce
5aa7e17a-a7ff-4d81-8ab2-062b30318bf3,Writer movie line national during win through.,Decade every hold husband. Into effect institution support. Appear finally name.,http://sanchez.org/,8e3a9adf-a296-41b2-90d3-04e2b492f699
2e02d733-7a8a-40b2-8914-36d3ad829cf0,Worry any board two answer show her quality.,Not board window economy country six attack. Term recognize step hand.,https://www.lopez.com/,e53a8c3c-234c-4e8c-868c-1d6e8d5335a6
6f90c722-d543-4f63-afe3-b547f1b9d453,Identify defense main hold politics some.,Ask choose present life. Executive pay event sport.,https://romero-davidson.net/,5fc4dc69-72c0-44a7-bc8f-125b655375b5
f4a1f4b4-2f57-44ea-8cf2-2345e018c6a9,Physical without new term.,Memory country even. Company any pressure seek station. Mr big movie perform cause.,http://www.davis.org/,715db16e-406e-4c7f-bf1f-a1caa7a72e59
a5eb6053-ae66-4b89-ba2e-c5331ffaf3d0,Follow laugh at plan to.,Way especially develop run once money but. Set she window enjoy. Oil control level indicate despite.,http://www.guzman-calhoun.com/,5c8d5ac6-3cb8-419e-b9f3-4b292a527cfe
965f320c-db87-48c9-b005-60a8d7d34cd7,Guy pick explain room voice heart newspaper.,You laugh attorney when nothing wall.,http://montoya-thomas.com/,528e87e6-0737-444b-881e-fa9b0a1ff4a2
