_id,firstName,lastName,email,role,department,password
b572af98-2bdc-4c2e-974b-4dc443433496,Pamela,Johnson,shellyturner@example.com,employee,,w!6PDOqKdW
b221a185-690e-478a-8942-068ac46dac70,Larry,Stevens,victorblair@example.org,admin,Merchant navy officer,@k7jPma0)z
f0661c93-17fa-46ef-b03a-212916e0ef43,Samantha,Thompson,vancerachel@example.com,admin,"Scientist, research (life sciences)",(9bHRYXx8N
3f8da0bc-4005-421d-9c68-231320bd91d2,Kenneth,Herman,morristammy@example.net,admin,Psychotherapist,%10RX*mjYt
a8f13383-2ef0-411e-94d1-c688ff634f3f,Tyler,Woodard,sandra32@example.net,admin,,Yr1Fk95m_I
0e71d2b6-ae30-4a1f-9d8f-fe8ba201cc6b,Megan,Gutierrez,angelarogers@example.org,employee,,_6S)Qz^o_^
9263d92e-486f-4653-9ad0-567a4dae96e6,Christopher,Contreras,jake09@example.com,admin,Minerals surveyor,D8rU6E1k@*
54a50508-6a9a-4d4d-bf60-4d62cad39706,Rhonda,Henderson,pratttonya@example.com,admin,,^5Dr(hlzA9
c809ab69-15fd-4dfe-82d0-bf103518a11a,Brooke,Blake,meadowskristin@example.org,admin,,3RvYn!yb+7
47a7e55f-b8f1-4b80-8efc-28befd8b7d2b,Kelly,Jones,tommyjones@example.net,employee,,2TH9)9Fm(U
a80ff85b-6c15-41f7-a1d9-b283b7536db3,David,Martin,heidihuff@example.org,admin,Exhibition designer,(^RnpvCoP0
c89eb596-80e1-4d75-954c-2b8dd9ab36d1,Robert,Fox,bmeadows@example.org,employee,Arboriculturist,83XdLBk)*#
a7de20c1-142b-408b-9aea-35d936d130a3,Rhonda,Anderson,lauramccarthy@example.org,employee,"Designer, multimedia",$0qLojb^U)
81750a41-1154-427f-9c84-0dad1e85e0fc,Diana,Allen,cunninghamjose@example.org,admin,Retail banker,3xF7RTpu%a
8935902b-d376-4e57-b4aa-84971e8847b9,Katrina,Hernandez,shaneburns@example.org,employee,Arboriculturist,a0V%#0Jj!z
180c0f2a-12c8-4fc5-8bef-f334c0a4ff7a,Becky,Nixon,brian12@example.com,employee,,Im_8)Tc23o
6465d4b9-d28a-45d3-89be-d516622cc158,Austin,Fisher,diazlaurie@example.com,admin,Careers adviser,@TC4VtWp(7
1ea99fa4-b60a-4dca-9bc6-795ca2e4c509,Jeffery,Baldwin,brett52@example.net,employee,,ck6Q3vnJ+e
ec6b7252-c2cb-4744-8ba6-437dbdeebc46,Kimberly,Castro,ichristian@example.com,employee,Financial planner,4&s933FloL
c4d5f3b7-8190-4e3a-a1ac-e842a1d56ae1,Amy,Smith,jillmartinez@example.net,employee,,H+9(QXgBjc
7cfad1ca-5b34-43e3-95b8-6cb5eb8f14b7,Brian,Watts,leekristin@example.org,admin,Database administrator,4_Z!JjnD)W
084a116f-7fb4-49e2-b3fa-397760b0fe6e,Lucas,Randolph,mitchell86@example.net,admin,Banker,N%7B6^Hu3N
36729e6e-c9f8-4d35-9997-f8935e78c424,Veronica,Carter,lindaherman@example.net,admin,,^596kK3b$)
02c09da1-9778-438a-abfe-a21e99d6876e,Rita,Snow,theodorerobles@example.net,employee,"Designer, interior/spatial",+1bFbw+oR6
1c4df9a1-d7fe-476a-9618-861829e33548,Joseph,Mendez,morrisbrian@example.net,admin,,gsa1UHwZ()
29facdb8-3890-474f-984f-810880c96725,Elizabeth,Taylor,medinacolleen@example.net,admin,,pN)yX4MaAo
f05105a1-0334-4eb9-b2a3-41967a80a6df,Jessica,Thompson,lbenjamin@example.com,employee,Community development worker,1Y%2RbGksm
ad3765c1-6ccb-4e36-9025-cffa435a5501,Ralph,Harrison,tracyalvarez@example.net,admin,,#6&5jmAncA
0330709b-8b85-48cc-8403-b5b12b23a853,Tracie,Rodriguez,powerselizabeth@example.com,employee,"Journalist, broadcasting",_)2LAVToRl
d45705ec-7456-4aab-a432-3403a343f672,Shelby,Grant,john54@example.net,employee,,&tRC6RpECi
ce2cda34-76bc-4461-ab8c-5b996f2fc0d1,Sharon,Martinez,alexander22@example.com,admin,Cartographer,F3UiiOnC@O
a7653175-c362-46f8-9be1-78fc3eaa659a,Emily,May,stephenhickman@example.org,admin,,xz2Q4Kdmg^
59b45ace-70d1-44e4-bcd5-22cac38c0609,Robert,Sanders,nrogers@example.com,admin,,8DkeMS6l#k
b5f0b6fe-bde9-4518-b9b0-00fc643cebd3,Nicholas,Turner,zimmermanteresa@example.org,employee,"Teacher, early years/pre",_O4N6KeNtI
fa1da77b-8a79-4f0b-ba29-e80e55c233eb,William,Johnson,williamatkins@example.org,employee,,%76Sqo5XQ#
54eef010-b5cf-402b-be8c-edeac8ad4514,Brandon,Cunningham,pmaldonado@example.org,employee,,P6TdMllO+n
d3dd03e8-4947-4812-b27f-3e3bb3b45b9c,Natasha,Ferrell,mhatfield@example.com,admin,"Horticulturist, amenity",5xWpnuRZ)*
6c7ecb1b-0276-497f-869a-c560a8f45c3f,Wendy,King,colejason@example.net,employee,,rea7H%Av_5
1b80fb2e-0eaf-4764-bf4a-eba349b27789,Denise,Mccall,royjames@example.net,admin,Animal technologist,po(5Xu4@Dq
713a05bd-db8a-4fff-a54f-198ac17806fd,Christopher,Swanson,dawnshepherd@example.org,employee,Waste management officer,6LFu*Viy+5
918ae0ef-a211-46b5-a43f-6a318aa76b60,Patrick,Maldonado,caitlingonzalez@example.com,admin,Visual merchandiser,+M0&TKghus
07ba6121-1474-4413-8118-0ef3dced6bc7,Donna,Bradley,edwardroberts@example.net,employee,Senior tax professional/tax inspector,Zr$O5QOp@T
18bc1af0-d67a-4051-8986-50ac6273d07a,Jacqueline,Johnston,mitchelldeborah@example.net,admin,Homeopath,$0SEzFl044
1dfdbae7-7baf-4afc-b6f7-a8d678e66fc5,Lauren,Harris,vanessawright@example.net,admin,Hotel manager,s0%1kTeV+@
f5b237ba-9855-4c38-95e6-b0f60f835fde,Joshua,Boyle,jennyolson@example.com,employee,,s!3QVPXwC*
f0c472cc-37a3-463a-8a40-870dbbf8d175,Robert,Nash,joshuaherrera@example.net,employee,,5f$2WzMuvq
9f555902-fe7f-4df9-86d7-6348e5e32c13,Veronica,Barnes,pjensen@example.net,admin,"Programme researcher, broadcasting/film/video",+Z9(AFrx4#
fad8453c-afb1-4153-a7e4-b37b362b6e26,Tara,Barton,jonathan69@example.com,employee,,(R27P#1g!0
bc87fba6-ea8f-49ba-af45-54c38e3358f6,Timothy,Sanchez,donna04@example.org,employee,Gaffer,*_uMv6LbS6
d57afffd-3422-499f-8619-b89a8e6fd062,Gina,Harris,jjones@example.com,admin,"Pharmacist, hospital",*WNvy+d$5D
3547e5b6-a0e7-4095-8972-127c33fe9a27,Mark,Franklin,danacooper@example.net,admin,,M*4Q3Ldht)
b4e248c7-8753-4990-8c0e-6429148367e1,Tina,Church,uyoung@example.org,employee,Materials engineer,#22P(Jyco_
ea47d8ed-3167-41df-bc9b-5c2a4e31f09a,Amy,Munoz,robert92@example.com,employee,,&ur3wVfDJV
6a216920-070b-4ac4-8ee8-1424e421f5b9,Isabella,Li,oanderson@example.com,employee,,_ivF5hUdPM
31f54a48-5c15-4746-ab3a-f663368a3583,Jonathan,Nguyen,michael54@example.net,employee,Training and development officer,)p6jnAcoC8
790d3edf-7087-44dd-9bc5-aba874fc0fe3,Anna,Vincent,olsonchristine@example.com,admin,Academic librarian,B6EZyR5h&Q
36cc4219-0504-4559-b562-2b4f7dc499d0,Alison,Smith,petersonedward@example.net,admin,TEFL teacher,&6WZBTBv%8
4d16fb99-6b58-4226-bd5a-763ea5fcb84f,Thomas,Wood,terrikelley@example.com,employee,,^QQYsoJaP8
d7d47f2e-2e08-4a7e-9efa-b7ac44cbdcb2,James,Johnson,wwalton@example.com,employee,,Ya&1FF#la+
a1b5e98d-99f0-4783-8429-1a1d5c6d78ac,Robert,Lynch,paulgonzalez@example.net,admin,,Kz1p2#Wb$u
b98032a7-8d4d-43af-b690-b8ad5845b9a2,Julian,Grimes,drobinson@example.com,admin,,x5WiGSRc#1
25192489-1f13-4839-9777-9dbd80e93158,Jade,Buchanan,kyletorres@example.org,admin,,H#0Nsqkqec
47491882-5542-4117-90e9-179063d0c20f,Alicia,Pitts,jeremy09@example.org,admin,Administrator,46XV2Ry8#T
8ab0fd1c-94cd-44d9-85df-8bf28c66f677,Jeffrey,Meyer,estradakelly@example.com,admin,Clinical research associate,v9hVRCvg^$
d5934966-3dcf-4bbc-8c98-fbc287709d63,Michelle,Ruiz,pmiddleton@example.net,employee,,)&TIKpN&k6
30b2752c-92b4-44c5-a7b6-0837a05d1b5a,Jessica,Rose,dlee@example.com,admin,,H&B0BO%ndb
a111735d-bf0b-4ace-89d1-4cdf73151969,Diana,Mcgee,batesjustin@example.com,admin,Estate manager/land agent,qi!4We!Dsb
00e6d574-3b17-4770-a811-8ee54b7c9b5a,Lindsay,Baker,mcbrideryan@example.org,admin,,@8oLA0Su^d
71e52bf5-c3cd-473e-b3c5-d371640a08bc,Christine,Rich,ballkrystal@example.com,admin,"Exhibitions officer, museum/gallery",Vr)i3Lzr*R
4772ed6f-d939-4c84-881b-7634c92701e1,Mariah,Alexander,kathleenpatrick@example.net,employee,Manufacturing systems engineer,P+0*ER@$Wi
19610f06-7786-489d-8f7f-2cb3111a5fa5,Charles,Jefferson,sean99@example.com,employee,"Psychologist, clinical",%xF%8pdiD0
55735544-aa66-46a0-b25b-5ad241bc37e2,Jamie,Edwards,oyang@example.com,employee,"Engineer, maintenance",@7FQqJpu36
3838a3ce-508c-4030-9e70-480be422a7bf,Robert,Sweeney,hardyamanda@example.org,employee,Firefighter,(Rv6#aakg6
8d2826ab-6bac-450c-9b75-fe90bfec8d4f,Carl,Goodman,amanda93@example.org,admin,Theatre manager,j3!9zW@l)S
7d47353f-7d5c-48b2-80f5-b6924b1a0cd5,Rebekah,Ware,nbarber@example.net,employee,Youth worker,^Gm1SWz)21
8331d7f6-c88a-417e-b6cd-daf0fba7c191,Kristine,Allen,ecannon@example.com,admin,Acupuncturist,+2#^sMBaeN
2954d95a-66a9-418f-b5b5-4fc04360b9b8,Patricia,Stevenson,lewistodd@example.org,employee,"Engineer, civil (consulting)",xL6%BDcj*N
75ef3bd1-1c57-447f-bd0d-e8836c64318c,Thomas,Baker,michaelklein@example.com,employee,,H2rtFaWmg%
56d5bdd9-9899-42b3-9859-85f2cff04200,Dawn,Johnston,hgonzalez@example.org,admin,Interior and spatial designer,v+2mWgA5@Z
148137e7-c31f-4590-a898-e9a17db559a4,Diana,Torres,christinesavage@example.org,employee,Operational researcher,@#0Xxp+b6C
4efeb65b-82c3-4660-bdef-2dc2b19c854f,Alisha,Walker,erinsmith@example.net,employee,Hydrographic surveyor,+w@LhmQql5
2e3ec2e6-ca87-4cd7-8932-ecd2fdb6ab86,Matthew,Willis,campbellray@example.org,admin,,E^#GMilz@9
f5912d29-e8d9-42a4-b7e7-3af548126d2a,Justin,Baker,christopherfarrell@example.org,admin,Adult guidance worker,q5qTBh2J@2
2860160d-8fb1-41a0-91d7-f2b6d232a87b,Melvin,Small,tgray@example.org,admin,Health and safety adviser,w16Bq82w*A
dd8ab2f4-ea7d-468c-b3bb-e693c85e8628,Kimberly,Davis,akelly@example.com,admin,Jewellery designer,Ys5$Gk6y$0
a05e252e-6852-4526-8702-3e99287a77a7,Sean,Pacheco,cohenbrian@example.org,employee,,)92ZSKd^!%
4e82b11e-4c71-44a7-9ccf-3b187634aa03,Gary,Carpenter,masonjoshua@example.net,admin,"Designer, furniture",)EzKqjKbZ8
d6c02fda-3e0a-4eb0-9ba3-330473c964e0,Stephanie,Archer,ahall@example.org,admin,,_8X$NNsd9L
b4b401f6-8efc-4f0e-bd28-18976aa05b11,Adam,Chapman,frichards@example.com,employee,Passenger transport manager,+m9)PhWmfI
40847f18-99a6-417a-9215-cf002fadab4b,Robert,Christian,lrose@example.com,admin,"Psychotherapist, dance movement",!j5PZ)YgUq
9ba359d8-8870-46f0-9d66-ee93db27f0ad,Timothy,Miller,castrorichard@example.com,employee,,^m(A2AOj35
e26de2e8-7705-4cd0-a372-64dd9011910b,Alexandra,Taylor,matthew18@example.org,admin,Horticultural consultant,#5q_&mCE#z
6751a0d2-aa19-40d5-9fc5-3d3864f9a3b0,John,Lucas,andrew56@example.org,employee,,bRY&nRTE&1
c662320f-5788-4de2-b5c0-7d8f4e5ea4b8,Ashley,Chandler,buckleymegan@example.com,admin,Emergency planning/management officer,jFFsL3Vm8#
47dcf6d4-5747-4525-b6f3-faf4a3f0f0d8,Garrett,Oneal,shane74@example.com,employee,,)%Ez&IYKl0
9cbd3325-625b-4a3e-b237-bb564d7b71ee,Christine,Pena,stephanierodriguez@example.com,admin,Charity fundraiser,6)E*#gMZ*G
8d42a834-5e60-4b5a-ab2e-fcf5bfd2a9ec,Jennifer,Griffith,isteele@example.net,admin,Rural practice surveyor,$w%6NegW$i
7165e35e-76f7-49e5-a810-aebc8677f1a8,Christine,Freeman,benjamin21@example.com,admin,,otj22eMkC@
d80fecfc-13e1-4d16-a031-cae997ac0a71,David,Gonzalez,anthonyrowland@example.org,admin,"Surveyor, hydrographic",t1*l6Vl_UK
e86f2992-8d08-46b9-8a25-463934919679,Richard,Griffin,jsantos@example.org,admin,,*$BSubzyF2
b7a65242-e7eb-4916-9c98-083f710fc232,Samuel,Porter,craigdecker@example.org,employee,"Lighting technician, broadcasting/film/video",@db1RCxz(D
a177f2e8-fe4c-4233-b68e-5be61f4183d3,Timothy,Potter,usmith@example.com,admin,Camera operator,mH6&mEyxe+
7be8a5ed-3097-4fb4-a15f-d52d29418fda,Alicia,Cardenas,ricky73@example.org,admin,,@cm4PFjM%3
06e88108-abea-4308-805f-2e2ce9a468ee,John,Blake,jill93@example.net,admin,,L7CTJbg#$Q
1df5524c-e441-4cd1-a57a-65da6dcb9f43,Charles,Diaz,victor31@example.org,employee,Cabin crew,v3%Mrx68+3
1f904d82-95ff-4655-a896-5ba43b651ba6,Michael,Johnson,jeffreybrooks@example.org,admin,,q24Y##k!^O
6c5861ef-6794-434b-b754-f99194d1570a,Candace,Mason,nicholasfreeman@example.org,employee,,@g)XAqL$#5
15f8ce18-bc9c-47ba-bb7b-4afcedd54b40,Robert,Hicks,eatonrichard@example.com,admin,International aid/development worker,IgwM2rah^1
574a4f3e-7ebb-4bb9-90c9-6106d6496136,Kimberly,Lopez,webbmichael@example.net,employee,,w9acAHcv@7
cf8d0c64-2759-4ba1-a060-50fd09494cfa,Nicole,Harvey,bobby32@example.com,admin,,uoLCbZA&)0
47b2b019-181f-4ea1-b9ad-33ee7ba9b73c,Jacqueline,Lozano,dsanchez@example.com,admin,Cabin crew,oy7#RjbYD_
cde89b33-5886-4250-9b3e-2173456d24cd,Rachel,James,henrypowers@example.net,admin,,Gj7CuOpNL%
81b03299-a9d4-45d8-8b0a-fbe61e29f025,Mandy,Coleman,joyce29@example.org,admin,,7b$OcDGd#d
d1f384d3-f240-4c31-857c-2074938ca863,Brian,Walls,ylloyd@example.com,employee,"Engineer, civil (contracting)",&x4&LtaLK)
e3965218-de2c-4268-a229-b51e91c17684,Angela,Bell,mclayton@example.net,employee,,vzB0WJGw@c
e62a65db-65cb-4c1c-aa99-52eae59559bf,Lisa,Henson,carolyn58@example.net,employee,,)K9IRrSJA2
fc3b3ac2-5844-4ae0-a530-7e4e2ca1deeb,Scott,Bailey,dawn99@example.org,employee,,x(y6TKiq_v
030e965c-b9c6-454c-b82e-24db6e92b80c,Joan,Taylor,ggibson@example.org,admin,Restaurant manager,wN4p3iFxM%
80a139d9-cbe5-4591-9d0c-28436114b42c,Danielle,Reed,ingrammelissa@example.net,employee,Geophysical data processor,5+)2oWSm*f
981232ea-e112-48ac-b939-46a232bd8c07,Kimberly,Adams,xmalone@example.net,employee,,k0_CaRvv&V
9e1c03c8-1123-465c-bd84-174dd3177303,Kendra,Kennedy,garciaelizabeth@example.net,employee,"Surveyor, commercial/residential",Sx5Fh3#a8@
e4e1b97b-bf3e-4c2b-a60b-ee6d56f9e673,Tabitha,Rivera,kellyjohnson@example.org,employee,,si0E9AeDJ(
4296d8be-8ba6-4345-a0bb-93a07374a4da,Laura,Richard,shawnflynn@example.net,admin,Television floor manager,#n1E4evnt%
6ab52699-5392-47ec-9fc0-77e7e8ccc828,Michael,Brown,brent11@example.com,employee,Health physicist,RFm7sCtq^%
b519694c-4c02-4197-9614-e5a83a070ff0,Jessica,Miller,logan75@example.com,admin,,^b9ZtbWz_)
fb532911-457a-4ced-be58-f7ded1d86d30,Linda,Hogan,brian49@example.com,admin,,$@n2F*iB5c
e399e4ee-a343-4f08-b555-e71f4d008bd1,Richard,Weeks,lisa86@example.net,employee,Aeronautical engineer,P*&H3BHkwk
25069bd7-8880-42c3-8d24-1f1767fb0929,Keith,Mueller,tmartin@example.com,admin,English as a foreign language teacher,_l^f4pSp6)
994cd5fc-2be2-45e7-89e0-303cd29b3bba,Christopher,Velazquez,wwhite@example.net,employee,,+_ykCa8u4O
6f279ef4-dee4-40f1-8b9b-61452dfec39f,Jody,Carroll,annsmith@example.com,admin,Actuary,I7(4Mx1N&V
69e8c085-83fe-41ef-920b-429ceab734fa,Hannah,Mann,zcalderon@example.org,admin,Chiropodist,!&kJQsx@N5
1021d8bb-72fa-479e-a5a3-123c498de371,Matthew,Dalton,edward78@example.net,employee,,oV(1*AIrw5
563c4f12-adf0-4643-82d4-036bf689fb13,Philip,Mccullough,xmiller@example.org,employee,,nK2*Bvc9G)
a2683a33-3402-48a8-8745-a18113d49db4,Christine,Martin,uhammond@example.com,admin,Clinical embryologist,Edk0m9Ac$M
3d273e31-d7b3-4608-83f7-e5d0e4df717b,Nicholas,Savage,annaellis@example.com,employee,Chief Financial Officer,v4TxBoWo&f
0e379dc4-101e-47e5-91a9-58276d2ef7ec,Ashley,Collins,martha36@example.net,employee,Petroleum engineer,p4$FQnCt(h
5189fdc0-6ddc-4e47-8f30-5aa724533b46,Ryan,Garcia,lisa67@example.org,admin,"Therapist, speech and language",!+9$sZo61#
6e62269e-69e7-405b-8b75-1be56ae4fd2c,Shane,Webb,bradley87@example.com,employee,,p+6mHV)lfr
d0721a4e-e876-42c9-80bc-cdcc9269c069,Travis,Lara,jasmine62@example.org,admin,,kq%)W4Wzp!
456f1ab5-1fde-4109-bdd7-73566af860ea,Becky,Murray,vickie34@example.org,admin,,yn&4&G2djw
4f5931ff-daeb-4af6-b83a-a66903d8ef7d,Douglas,Turner,zcortez@example.com,employee,,x8l5HxtB)E
fad61dd9-c08d-4e29-ab3e-e6d52d8e915d,Christine,White,bondroger@example.org,admin,,wcE!tpbm!8
89c49b25-a3c1-4291-bca0-2fa99cc193e3,Mark,Bates,willierobbins@example.net,admin,,hO3bKZtZ%g
fc5d2481-7e79-4ade-8d60-ec39e0884ca3,William,Ellison,cathy53@example.net,admin,"Surveyor, quantity",7*zF5Kl8^*
802f5477-5f4e-4d90-b4de-15c03911adf4,William,Collins,vargaswilliam@example.org,employee,"Engineer, land",oe3KOSAxd)
2b79e2ac-3c87-444f-b3b0-65e574243b72,Scott,Wheeler,katherinemartin@example.com,admin,,Y!*9(nMxVB
e0abaedd-c5d5-4f77-8f52-b225d24e4bb1,Charles,Hood,david44@example.org,admin,,&1S^pr1j&1
b3926852-a44f-4830-992c-c78b45c34061,Dave,Robertson,moniquesoto@example.net,admin,,_NW7XGg@U0
df766b66-bd96-4cee-9d72-6bc562e567ea,Christine,Mendez,jondavis@example.net,admin,,Z!O4ORu$29
bfa7ff23-e86f-4c72-abf0-7ba7203fdb37,Alexandra,Acosta,jenniferbell@example.net,admin,,(oJq+t3%@8
def544bf-7364-41d0-a2a7-3b4a71b2e48b,Robert,White,spencerkathleen@example.org,admin,"Surveyor, building control",^eL2LklLCG
b9a39007-0384-4c4d-a5cc-44d94e053f42,Stephanie,Thompson,caitlinperkins@example.org,employee,Barista,_fKm#yxSG7
f60de9a3-ecc1-41ac-95b7-10b51303c146,Steven,Clark,michaelstephenson@example.org,admin,Immunologist,@r1@Py9T3Y
638403ea-9632-4e8f-b1b5-69536158811f,Melissa,Walker,phillipsjacob@example.net,employee,"Social research officer, government",*bu3$FYS%(
57b40500-026e-4b92-a963-556625e19605,Tammy,Vargas,pmoore@example.com,admin,,QK1T*qyXP+
8b2a0520-3960-4083-beed-3be9a3a84be4,David,Hill,henrymargaret@example.org,employee,"Production assistant, radio",+u69S7Ms#b
bfdc286b-dc95-43f3-a08b-cc80a8132ab9,Christopher,Hughes,jonathan93@example.net,admin,Estate manager/land agent,Q*8#+TvN$9
6680ca0f-d3d0-4e99-b250-63a3a635ff2d,Danny,Fitzgerald,trodriguez@example.org,admin,,g7(8DFOo^d
db0ac06e-67e5-401f-b6fa-668fa9d4af5d,Walter,Clark,bradleyrodriguez@example.org,admin,,a(5r!aBx$f
8664597c-cf15-4945-b248-05004bee05be,Justin,Harris,hmartin@example.net,admin,Museum/gallery exhibitions officer,nGif81clE@
dc2f1a4c-7475-43fb-b1ae-b9f3e496527d,Diamond,Wilson,wallerjorge@example.org,employee,,I%*f3I6tST
241d5257-d02d-4751-a39d-28ec9add8a18,Nathan,Lee,abigailhenderson@example.net,admin,,euRX&OGy_1
c3a63cf5-671c-4a76-bd1c-6b51307dc69f,Edward,Kent,nsteele@example.com,admin,,%96jZI(lRR
19a2af2c-5405-4d64-8259-1a630e051f1e,Ariel,Petersen,krystal99@example.com,employee,Marketing executive,#7X7FyDhgA
a80e06e8-ada7-4bb2-97c4-ece5ae1195ef,Timothy,Carr,pvasquez@example.net,employee,Fast food restaurant manager,%6W7gruC@K
d563f160-1865-46e0-8519-05b8c43a66c6,Larry,Brown,hoffmanmark@example.com,employee,,57AN)XOk)#
944a849a-6f65-4263-810c-8a53c83b3031,Stacey,Greer,gregorycosta@example.net,employee,Musician,b2LZaULn)e
30565c61-0577-4208-b18b-0616103431bc,Andrew,Watson,jonesamy@example.net,employee,Clinical molecular geneticist,ui+8Aiaq#D
3c3685e7-26a8-4b9c-bea5-b870d7cc7ad8,Natalie,Harmon,dscott@example.org,employee,Recruitment consultant,z+1LhebM&J
b9382992-d746-43e5-b28e-1076574d5a26,Nicholas,Craig,frankwilson@example.org,employee,Banker,*39A)&f8Bh
bf2fe4e3-ed36-4ce3-9443-d8b83aca9205,Willie,Robinson,harrisondiamond@example.net,employee,,_s7HItmdbb
9fc51392-6421-4c74-a383-c518c2c88cc4,Lauren,Lindsey,ocollins@example.org,admin,,P(m+3@Vw0v
83674bb2-ae95-493d-8309-e5ef990be4b3,Kimberly,Lopez,astout@example.net,admin,,$MqU4CPyr2
6e19cac4-2d95-44bc-bf57-cc28d48ee56a,Hannah,Graham,abarrett@example.org,employee,,0+LXj49tqM
b094e212-109b-4c3a-8a50-cfdb75e85c29,Judith,Conway,kenneth48@example.net,employee,"Scientist, research (physical sciences)",*^C^VFtuZ2
96b169a1-7ee1-4891-8825-e312f440c230,Tiffany,Arroyo,davidtorres@example.net,admin,"Solicitor, Scotland",q^3#Tdg)VE
e90bc469-a285-4801-822a-0c5723f3419b,Brent,Mills,ericamiller@example.com,employee,Sports therapist,$d0IhBWf03
f64def3c-3733-419b-8992-e84e17bc4f2d,Keith,Jones,derekblevins@example.com,employee,,MGCt9#5u*2
db33e54d-c2dd-4186-8a78-5b6bc52d702a,Patrick,Garza,zacharyherman@example.com,employee,Sports therapist,%@z6Mn9g_&
8c3343ec-43e0-4305-ab23-fc458de03220,Jessica,Johnson,dannyjohnson@example.net,admin,,(yJ1q8Cs07
2d48b737-7d90-4165-8dd7-e0629b0fc8b8,Laura,Church,thompsonamy@example.org,employee,IT consultant,Xdd5HPMw^h
93910c67-029a-48a5-9a67-48503494f183,Jeffrey,Stark,christianperkins@example.org,admin,Barrister,!59JR_ee&R
dc6147bd-641d-4230-8465-d85f89c098bf,Elizabeth,Brooks,john56@example.com,admin,Biomedical scientist,R$aG&8Lui9
7b7d62ed-934f-4eff-a682-3ae082152a80,Michael,Johnson,goodwinpaul@example.net,employee,Computer games developer,_1kO#iX$di
40268a8c-68ae-4a32-98a2-2078564320dd,Richard,Herrera,marshallmackenzie@example.net,admin,,PnU5Gbhq&g
bd61250c-5ba3-450f-bdc2-33e3cfe3368c,Andrew,Davis,chaley@example.net,admin,Furniture designer,_r6DaUbfFS
e840da38-4dd8-4f76-bbd0-7926b21568d6,Christy,Mckay,cbarker@example.org,admin,,b$9J9SqpoJ
37538a25-dfa3-40b2-b302-2af16e06fd12,James,Meyer,mingram@example.org,admin,"Horticulturist, amenity",s)nEJRVqX6
080219e1-4957-4cc8-b45f-885ef9776ef0,Daniel,Hernandez,vsanchez@example.org,employee,Copy,P_3^CuZr#&
528e66c3-1495-49f0-8a0a-66bdd3bc599a,Anita,Murray,nsmith@example.net,employee,"Doctor, general practice",S@M6AfcCp1
aa0202ae-832d-4eab-96ad-047c0ab791f9,Michael,Kelley,melissa48@example.org,admin,Barrister,J4*TBT72^g
fcb2ee21-cf9d-490e-a2f8-6c7bd67058b1,Joshua,Walker,juliebrewer@example.org,employee,"Education officer, museum",Ib9Q9QSxf^
c1e41a45-05c7-4102-ab61-af1eb8296f14,James,Adams,stewartmelinda@example.org,employee,,!157(NRxRr
389a8c10-5ed3-4dcb-b471-1a56dda67a6b,Jay,Church,floresjennifer@example.com,employee,,e6vHltsa%e
b1035c7e-4f90-42e6-b4bb-d4c74727f1da,Peter,Fitzgerald,pittmanandrew@example.net,admin,,%6X4ECpBRg
7655400e-5f3e-4126-8fdd-1ec048731fba,Megan,Perez,michael96@example.com,admin,,l*K8DUkYor
b83e4bf2-b124-48c9-b2f9-017e60841be1,Justin,Payne,saraguerra@example.com,employee,Musician,Jq9fwBx@6^
577c18ea-7df9-4a6c-808b-e7d936468e71,Michelle,Wallace,charles51@example.net,admin,,)3FLC*%@Dm
9a91197b-92d2-4a33-a5b8-8de9343af035,Michele,Carpenter,rgonzalez@example.com,employee,"Scientist, water quality",@!3TeefF+N
3bb358e3-2ae4-4414-93dc-9e6928ab18f5,Cody,Zuniga,cruzjames@example.net,employee,Theatre manager,*%D0Pe4%lk
afd716c0-66df-4d1e-b010-359b1140a05e,Jennifer,Trevino,justinthomas@example.com,employee,,%l8WUaVtiD
27237f3d-bdc6-43c3-8ccc-d57cecf70d37,Amy,Mcdaniel,elizabethgreen@example.com,admin,,@lJgs%cl3)
9f45d0e6-9d0e-4df4-9854-7a1c7eaca4f6,Barbara,Cordova,jillross@example.org,employee,,B#5byNCM^y
f698f332-c83b-4459-a0b7-0ba45cbbdb17,Candace,Todd,csanders@example.net,employee,,e@RQ2Scvnb
9e2a4c7c-337e-47c4-9637-847fc0b860f7,Nancy,Duncan,ismith@example.net,employee,Barrister's clerk,v1DwFE1r$J
c090b482-1db0-4cbe-98e5-5ea36280f61f,Michael,Hall,aboone@example.org,admin,Herbalist,(Nlp0yQd2Z
eb5bc620-681c-41fa-84a4-010a95d10f10,Anna,Sanchez,micheleharris@example.org,admin,,(sAPqU7_Z5
1e3464d1-19a0-4db7-a656-910dc6206ca5,Mitchell,Rangel,asmith@example.com,employee,Pathologist,%o3g5U9v+8
e11187d1-6f7f-4ab6-94d4-81baa95f9680,Deborah,Parker,browneric@example.org,admin,Proofreader,39Ps3A!i#4
169cc0ea-8e36-4b35-aa87-d95c7e5dd9d4,Hunter,Richard,ramoskelsey@example.com,admin,Ambulance person,Z*+Q7+Ficp
e0fca966-cdc8-4d3c-ba54-08750468342b,Margaret,Knox,lisasilva@example.com,admin,Armed forces operational officer,Y*VT9FfPar
7a1531f2-31bf-4ba9-aca1-8ecdd051ff5a,Angela,Morgan,danielscharles@example.org,employee,Air traffic controller,7VaP0zll(I
a66a21b1-6d43-4547-84a0-c9cabef933ef,Jason,Williams,bradleymarie@example.com,admin,Forensic psychologist,xO2pAt)Sp!
065289b9-2a9d-45ac-acfc-20d52ee7e259,Alexandra,Hart,colemaneric@example.net,employee,,lx5(iDP@V*
f98ba3e9-2e6c-4507-9440-9d6f903dd861,Jennifer,Allen,brianward@example.org,employee,Manufacturing engineer,liJHXQpt@3
bf869ac9-a6f4-4849-b9d6-1f92f268c9c2,Sheila,Downs,ecasey@example.com,admin,Engineering geologist,l$4lp5Wi4a
0048c136-5884-4047-9a60-51a371777908,Judith,Holland,eric06@example.net,employee,Systems developer,6i3v4SzF*F
f87d3dcc-f95c-4d1b-a66d-1831d54f04cb,David,Moss,kathrynhicks@example.net,admin,"Merchandiser, retail",BN!0J@j6Vt
9d85a1c3-c543-43b9-ac32-4870dcab8039,Erica,Johnson,gravesrobert@example.com,employee,Operational investment banker,9_Wfe9lU*$
f657fbed-bd42-48a7-99dc-74d1bd1f1a37,Philip,Hernandez,rwright@example.org,employee,,+&5Ivpom32
f3890e66-79bf-4b49-baf2-8bec2c8f5593,Erin,Hobbs,kyle00@example.net,admin,,UG)b4XOt^9
1cda4e3d-571f-44d7-aa36-acf0d3a75785,David,Garza,derek64@example.net,employee,,QP3bK)iG9+
b63f1553-4a79-4cf7-8de2-5ef32c1f9420,John,Hall,garrisonrachel@example.net,employee,Marketing executive,^2B6BCed#k
fcde356c-65bc-43fc-8820-0f59f939c575,Nicole,Russell,ecastaneda@example.net,admin,,pF30)Ejm^4
f419a008-6156-496b-b96f-3cd3812290b5,Destiny,Hernandez,briannacraig@example.net,employee,,15bMc2zz!R
8da18d2e-bb11-43c5-ba4f-c21453a4bd21,Matthew,Roberson,nicholaslee@example.net,employee,Social researcher,W8B1H1hJw$
9ddb9743-513d-4f43-a206-1716652183e6,Jason,Cortez,roselinda@example.net,admin,,_IfnWJ&s1a
1f772fdd-418f-463c-966c-f3f26fae2aad,Elizabeth,Reynolds,edwardnolan@example.net,admin,,(73@eGSzM1
71e7aa34-e186-4743-9c9f-1817f56bed23,Christopher,Odonnell,petersonmary@example.com,employee,,I83Q4glL#L
4f9d8949-5f98-4470-b0ba-24c1741cead0,Nathan,Martin,agilbert@example.net,employee,Purchasing manager,Ux6@3AsD*Y
c9ae3496-6dbc-4bce-a366-042a2e3c3c51,Christina,Nielsen,oreeves@example.net,employee,"Producer, television/film/video",#SZ_qB5v5U
001bd4ba-7c55-4329-9390-ffcd384b0c39,Tonya,Davis,brianna99@example.org,employee,,a8XD)f01&o
63034837-4dba-44f9-99ee-44e5ba4ecf8f,Jamie,Dean,santiagodarlene@example.net,employee,,zkh#L2QoDk
5c282601-ceea-421f-8426-8952a17bb93c,Bryan,Gomez,chanlarry@example.net,admin,Immunologist,(Te3qMgaQJ
658b7ddd-3cf8-44cd-af87-b7437fbf01f7,Jessica,Brown,yburton@example.org,admin,,0R6KMewr@6
487707f7-8721-42cf-bed9-bde0aa359229,Denise,Gonzalez,williamsshawn@example.com,employee,"Producer, radio",8p65K(ZD5#
df4174c9-7e0b-467a-be2f-81eee814bd45,Amy,Morales,lambmelissa@example.net,employee,,b(x90NKeI9
36240c57-2225-4519-9e60-8cf349e6a48a,John,Oliver,smithdebra@example.org,admin,,s59SUIDd&)
0c8035e5-babc-4581-8429-1096b423e773,Michael,Lee,johnsontravis@example.org,employee,Water engineer,&3IaTxThz3
c4cabb0a-fe7f-4d50-8a56-d100e1609640,Christina,Snyder,williamslauren@example.com,employee,,8&%Xy4rz*+
3e659b72-ecf8-49e3-825c-7c7d9b7e6255,Alex,Hunter,sbrandt@example.net,admin,Sales promotion account executive,*b!oWxtC13
b762f004-028f-41b1-a1c6-0d83d6aa1480,Jeffrey,Burke,jefferyallen@example.net,employee,"Surveyor, building control",%(P23rVs&3
28d770cc-5423-433a-b9ec-737c4cba7202,Teresa,Lee,santanageorge@example.com,employee,,+bq)5aQswv
9ae59e46-6755-40a0-9e0e-ab07c961a26b,William,Martinez,floreskathleen@example.net,employee,Advertising account planner,%dAI0d$O1(
f2827af4-d1d8-42e7-b094-5ae2f399c002,Catherine,Garcia,stephanie48@example.com,employee,,K0(8HnixDG
cd7fd574-cba8-4c34-ab70-d82bf5ed96c6,Jeffrey,Brown,vanessa29@example.net,admin,Probation officer,*_IqIGTJJ6
9706a3d9-e496-470e-a70d-f513aa34b039,Jessica,Diaz,kyle41@example.com,employee,"Loss adjuster, chartered",7mIXf+!Q!@
91422068-364c-4ccb-80b9-da2c91866136,Brett,Parrish,hannah81@example.net,admin,"Psychologist, occupational",$2rRN!d!g4
00f1c38a-94f7-43e3-9c1d-e14e7700273c,Debra,King,whitedavid@example.net,admin,,#2jnlQcq(7
15d648b5-a952-43a9-b1ef-bf15684ebb1a,Angela,Higgins,abigailwilliams@example.org,admin,"Engineer, mining",r8juZM&M_v
72b0916d-6381-42bf-8a23-dd1267b529b3,Tiffany,Hernandez,teresajordan@example.org,employee,Theatre director,gwD9BOOS%_
67834a30-cdd6-4a1f-8931-c095440fbfb3,Kristen,White,andrew49@example.com,employee,,kIMTklmF(3
ad6b28f3-0287-4142-9d75-2ae695444ec3,Margaret,Wood,mcneilrichard@example.com,admin,,jNML)C4M%3
3f8e3b48-4a61-4563-96ef-790d1be2b592,Jay,Lewis,xmcguire@example.com,admin,,*+LrGA5&u8
dfa1c795-0ad1-45a8-8545-cc99a129a0b6,Joshua,Johnson,annbarnes@example.com,employee,,@E2DbZyE(9
c2769146-f49e-423c-9a04-3fc2e9feb785,Eddie,Dominguez,cmiller@example.com,admin,,*!c5pjCgT7
1f8e99ef-e0cd-4411-a5bc-372d8c99d20c,Dennis,Cole,april92@example.net,employee,,@1UfyQVa^D
e2817254-cab8-40b3-bc54-f67748538cd7,Kathryn,Adkins,brownlaurie@example.net,employee,,L$3Q!Z)wWL
85be0002-1127-4e6d-8f6d-1375a478db13,Donna,Castro,matthew17@example.org,employee,,5%8N8m!8Dk
c3dd745c-73f5-4342-b4da-bbbed4cb328f,Francisco,Harris,samuel35@example.org,employee,,Xq31$MjW%3
0a3e02f3-38c8-44ac-80ac-c65795162980,Andres,Ford,gibsongary@example.com,admin,,5m44Qcye#4
a74d74fc-301a-41f2-8719-9679bc021439,Dana,Murray,andersonwilliam@example.org,employee,Consulting civil engineer,EDZdn&88!6
a1812e02-8a9f-4117-9266-92865f2c2633,Carl,Williams,jessicareed@example.org,admin,Sports development officer,3#BEJuz$)@
08c91fcc-d65c-4397-8b31-d49d3a5e6709,Juan,Garcia,crawfordmelissa@example.com,employee,,X+51CUfZNs
eebc4c92-16ba-446a-b4f9-a29b0931f7ec,Michelle,Banks,colincameron@example.org,employee,,^hj0T*t$EF
01c8a965-4eab-43a3-b61f-8d2cd60c490e,Tammy,Rhodes,yhines@example.com,admin,,o89WtTt5+&
36a0588b-5509-4223-bd16-26d98c2a4e96,Robin,Green,jennifer55@example.net,admin,,F72pCFtkz@
68163c74-c799-44ec-a581-8fc4888d32c3,Lisa,Evans,fmiller@example.com,admin,Gaffer,&1D%FGeAAh
076d0c1f-4baf-407d-ad65-d894fe456513,Sherri,Castaneda,teresarobinson@example.net,employee,Civil Service administrator,16FyZsDA$F
6b35324d-fcb0-4897-b6cf-a08c8e7432dd,Austin,Taylor,juanholt@example.com,admin,,_hEUz56Sh7
22a315b9-629d-4515-9276-7d32f52d2562,Matthew,Johnson,zsweeney@example.org,admin,Amenity horticulturist,s8V2Ww(d!d
50667b9a-67cf-4d6f-9da7-0452a0ef4f99,Stephen,Knox,aguirreellen@example.com,admin,,)(c03YBt8Y
997a7660-41ce-467b-9b15-0ecb16d02c88,Toni,Vaughn,morgan38@example.net,employee,Dispensing optician,@#2WHs^ruc
96abdcc1-14db-4246-9fbd-e40449a504af,Alexander,Mejia,joann48@example.com,employee,Chief Operating Officer,0w1!JP$r(3
4b74c5c2-a084-4a43-9306-6d8c95a4d641,Drew,Parker,daniel79@example.com,employee,Technical author,%d67Tn9XZd
aa4da9d4-0938-483e-a8d2-b03fabe3aa60,Lisa,Moore,lisawade@example.org,employee,"Research officer, trade union",*+6wqZxxqe
e6d8ea0d-499b-436e-8c71-c44cf0bfa3d3,Elizabeth,Williams,vincent78@example.net,admin,"Pharmacist, community",ox6Nt&L04_
057499dd-1839-49fd-bc74-22fe672d761f,Michelle,Williams,perezjimmy@example.net,employee,,%)9Pm!E*xJ
20de5718-1c05-4eaa-a8df-472c966de469,David,Gonzalez,asimmons@example.org,admin,Armed forces logistics/support/administrative officer,0ZVwHkaj$3
63ad2cde-a2e0-4b53-b020-3c5405f566fa,Amy,Wilson,vincentpeters@example.com,employee,,&w$PrLIx9R
37130337-204d-4249-88e1-b93ecc302714,Rachel,Vincent,eric38@example.com,admin,Lexicographer,^5aetzTn+C
1ec55240-880e-4f8d-ae59-233f47427c80,Julia,Brooks,jacobbeltran@example.org,admin,Plant breeder/geneticist,QdAR&sjt(6
170e480c-52ab-43c2-ac6e-312190642c32,Roberto,Escobar,fsmith@example.net,employee,Television/film/video producer,H(&8TglzqO
cb694738-fe46-42d9-a3e3-f9a1c194808c,Robert,Hernandez,npatterson@example.org,admin,Race relations officer,V&&4YPrc)!
1180adfa-b170-4153-9c19-651defab8947,Kaylee,Myers,carlosjohnson@example.net,admin,,+^9+UKoykS
b16254fb-2e0d-4345-a677-8254e56380c5,Cathy,Gibson,melanieblack@example.com,employee,Police officer,Pn!EE2Wxk#
17d71c94-33d3-4094-a54f-90ae00f8dacb,Brian,Gonzalez,john26@example.org,admin,,F50@*Bce^h
c280ccc1-ed08-47d8-9bf6-f2f3d8988ed0,Christie,Rojas,pkelley@example.net,admin,,LK@7IiUdl#
065daf88-347c-4e2a-a98a-7b2877b20411,Jimmy,Miller,jeffreyboyer@example.net,employee,,NsDkOXm7#0
74673ea9-f3d6-49ea-ba92-7a79f2ccabc7,Amanda,Brooks,leslie96@example.net,admin,Careers information officer,JH46AzgGp^
923a264a-1fe3-4a0f-a205-86145c920b5d,Anthony,Lewis,bmathews@example.org,employee,,d3Rnsh^I%n
23f6065c-7aed-4b93-8e53-45f4fb66d315,Kathleen,Parker,daughertyjacob@example.org,employee,,B!XrE7DrjW
c62f69ec-4c8f-4be7-a150-b6efa20c1253,Tonya,Reeves,simmonseric@example.org,admin,"Editor, commissioning",5N9h2KtKV(
df8df501-98fb-46f7-9c0c-5b0d33ce6fec,Matthew,Ballard,rlopez@example.org,admin,,3@1Ju8r2RC
b5d56ea9-0242-4de5-9edb-7257abb2cef5,Luke,Carroll,bbrooks@example.net,admin,Jewellery designer,s$c0MmPYbv
db14f6b3-c0b7-4716-bfe4-f5577ef39aed,Andrew,Warner,melvin75@example.net,employee,Horticultural therapist,7#*6VYv!8B
4aed9d68-137e-49a4-831a-5b862cb18b4e,Robert,Williams,stoneheidi@example.com,admin,Firefighter,8Q4Xem#y^(
ebeb8b48-157b-4f08-aca3-4f3183c7475f,Christopher,Kelley,fernandezkendra@example.net,admin,,1uh02eEEZ(
7ff7c238-a6b9-4e73-a477-cfffbbdae55b,Christine,Quinn,lutznicholas@example.com,admin,,OgT+k+u5(0
22ef4b79-4833-47c6-81ee-9da49b654e5b,Cheryl,Burke,stevensdawn@example.net,admin,Toxicologist,U+G3RqsJ)p
